PLAYER_ID,RANK,PLAYER,TEAM_ID,TEAM,GP,MIN,FGM,FGA,FG_PCT,FG3M,FG3A,FG3_PCT,FTM,FTA,FT_PCT,OREB,DREB,REB,AST,STL,BLK,TOV,PF,PTS,EFF,AST_TOV,STL_TOV
1628983,1,Shai Gilgeous-Alexander,1610612760,OKC,64,2197,722,1374,0.525,138,372,0.371,515,572,0.9,59,268,327,398,114,67,165,145,2097,2129,2.41,0.69
1630162,2,Anthony Edwards,1610612750,MIN,65,2370,585,1323,0.442,265,653,0.406,335,401,0.835,49,336,385,300,73,39,213,120,1770,1550,1.41,0.34
203999,3,Nikola Jokić,1610612743,DEN,61,2224,674,1171,0.576,116,275,0.422,302,376,0.803,176,607,783,628,108,41,200,140,1766,2555,3.14,0.54
1628369,4,Jayson Tatum,1610612738,BOS,63,2307,582,1281,0.454,227,644,0.352,319,393,0.812,42,509,551,370,69,32,186,141,1710,1773,1.99,0.37
203507,5,Giannis Antetokounmpo,1610612749,MIL,53,1794,644,1068,0.603,8,44,0.182,322,542,0.594,123,520,643,314,41,63,174,129,1618,1861,1.8,0.24
1628973,6,Jalen Brunson,1610612752,NYK,61,2162,558,1138,0.49,140,365,0.384,350,424,0.825,25,156,181,452,58,6,153,132,1606,1496,2.95,0.38
1630595,7,Cade Cunningham,1610612765,DET,62,2188,590,1278,0.462,135,383,0.352,288,334,0.862,48,327,375,575,65,47,281,173,1603,1650,2.05,0.23
1626164,8,Devin Booker,1610612756,PHX,61,2285,523,1144,0.457,163,470,0.347,364,409,0.89,59,189,248,421,63,14,172,162,1573,1481,2.45,0.37
1629639,9,Tyler Herro,1610612748,MIA,63,2253,527,1144,0.461,220,596,0.369,227,264,0.86,25,314,339,360,54,15,163,78,1501,1452,2.21,0.33
1629027,10,Trae Young,1610612737,ATL,62,2242,454,1129,0.402,170,528,0.322,403,462,0.872,31,165,196,711,69,11,299,123,1481,1435,2.38,0.23
1628368,11,De'Aaron Fox,1610612759,SAS,62,2241,539,1163,0.463,118,381,0.31,263,318,0.827,54,244,298,392,91,25,174,164,1459,1412,2.25,0.52
1628378,12,Donovan Mitchell,1610612739,CLE,60,1875,502,1113,0.451,208,541,0.384,240,293,0.819,44,216,260,285,79,12,125,118,1452,1299,2.28,0.63
2544,13,LeBron James,1610612747,LAL,58,2023,555,1073,0.517,132,344,0.384,208,270,0.77,59,417,476,495,52,35,226,85,1450,1702,2.19,0.23
201142,14,Kevin Durant,1610612756,PHX,54,2003,522,989,0.528,136,326,0.417,262,315,0.832,22,308,330,232,46,71,166,91,1442,1435,1.4,0.28
201935,15,James Harden,1610612746,LAC,64,2246,416,1054,0.395,191,557,0.343,408,469,0.87,43,330,373,558,96,41,291,131,1431,1509,1.92,0.33
1630224,16,Jalen Green,1610612745,HOU,67,2223,501,1177,0.426,196,547,0.358,219,264,0.83,36,268,304,221,58,21,171,106,1417,1129,1.29,0.34
1626157,17,Karl-Anthony Towns,1610612752,NYK,58,2036,505,963,0.524,119,282,0.422,274,329,0.833,176,587,763,180,59,43,150,205,1403,1785,1.2,0.39
203897,18,Zach LaVine,1610612758,SAC,59,2052,503,978,0.514,187,424,0.441,200,243,0.823,16,252,268,252,53,12,169,87,1393,1291,1.49,0.31
203081,19,Damian Lillard,1610612749,MIL,55,1989,428,950,0.451,187,499,0.375,344,373,0.922,28,230,258,396,68,9,157,92,1387,1410,2.52,0.43
201939,20,Stephen Curry,1610612744,GSW,57,1834,456,1017,0.448,253,636,0.398,219,234,0.936,32,216,248,349,61,24,164,78,1384,1326,2.13,0.37
1630178,21,Tyrese Maxey,1610612755,PHI,52,1960,477,1091,0.437,161,478,0.337,254,289,0.879,15,159,174,317,91,21,124,116,1369,1199,2.56,0.73
1627783,22,Pascal Siakam,1610612754,IND,65,2134,522,994,0.525,112,281,0.399,200,268,0.746,111,357,468,216,59,31,88,165,1356,1502,2.46,0.67
1628991,23,Jaren Jackson Jr.,1610612763,MEM,60,1761,487,981,0.496,114,309,0.369,266,344,0.773,78,270,348,126,78,99,127,204,1354,1306,0.99,0.61
201942,24,DeMar DeRozan,1610612758,SAC,61,2189,494,1011,0.489,66,188,0.351,298,340,0.876,37,205,242,249,57,23,88,116,1352,1276,2.83,0.65
1629636,25,Darius Garland,1610612739,CLE,62,1884,463,972,0.476,181,444,0.408,195,221,0.882,35,125,160,416,75,10,151,123,1302,1277,2.75,0.5
1631114,26,Jalen Williams,1610612760,OKC,61,1988,493,1031,0.478,111,307,0.362,201,254,0.791,52,281,333,322,101,44,134,144,1298,1373,2.4,0.75
1627750,27,Jamal Murray,1610612743,DEN,60,2183,474,1002,0.473,142,357,0.398,197,222,0.887,38,188,226,364,84,31,124,116,1287,1315,2.94,0.68
1627759,28,Jaylen Brown,1610612738,BOS,56,1974,474,1033,0.459,103,326,0.316,224,296,0.757,80,260,340,264,71,19,148,141,1275,1190,1.78,0.48
202681,29,Kyrie Irving,1610612742,DAL,50,1804,447,945,0.473,144,359,0.401,196,214,0.916,60,180,240,231,66,23,111,101,1234,1167,2.08,0.59
1629014,30,Anfernee Simons,1610612757,POR,63,2068,433,1007,0.43,194,526,0.369,157,173,0.908,20,154,174,305,54,5,132,106,1217,1033,2.31,0.41
1630578,31,Alperen Sengun,1610612745,HOU,63,1976,473,944,0.501,20,82,0.244,241,348,0.693,215,439,654,310,72,49,166,181,1207,1548,1.87,0.43
1630532,32,Franz Wagner,1610612753,ORL,48,1617,431,929,0.464,83,275,0.302,225,262,0.859,46,219,265,226,65,19,110,124,1170,1100,2.06,0.59
1629008,33,Michael Porter Jr.,1610612743,DEN,64,2154,444,878,0.506,160,401,0.399,119,159,0.748,116,326,442,135,38,28,83,123,1167,1253,1.63,0.46
1629673,34,Jordan Poole,1610612764,WAS,55,1698,376,893,0.421,193,516,0.374,210,239,0.879,28,154,182,257,78,25,175,174,1155,976,1.47,0.45
1629632,35,Coby White,1610612741,CHI,59,1945,388,886,0.438,177,488,0.363,185,205,0.902,20,188,208,264,59,12,138,128,1138,1025,1.91,0.43
1628969,36,Mikal Bridges,1610612752,NYK,65,2460,469,948,0.495,137,391,0.35,61,80,0.763,58,148,206,226,61,37,97,97,1136,1071,2.33,0.63
1628389,37,Bam Adebayo,1610612748,MIA,64,2208,432,886,0.488,52,169,0.308,205,271,0.756,160,478,638,279,82,43,135,140,1121,1508,2.07,0.61
1630169,37,Tyrese Haliburton,1610612754,IND,61,2070,392,842,0.466,184,475,0.387,153,178,0.86,36,177,213,546,89,37,104,78,1121,1427,5.25,0.86
1629628,39,RJ Barrett,1610612761,TOR,52,1713,418,885,0.472,98,273,0.359,183,282,0.649,53,283,336,294,42,15,154,128,1117,1084,1.91,0.27
1630559,40,Austin Reaves,1610612747,LAL,58,2000,356,805,0.442,149,409,0.364,255,292,0.873,50,208,258,345,65,16,142,118,1116,1172,2.43,0.46
1641705,40,Victor Wembanyama,1610612759,SAS,46,1527,408,857,0.476,142,403,0.352,158,189,0.836,82,424,506,168,52,176,149,105,1116,1389,1.13,0.35
1628970,42,Miles Bridges,1610612766,CHA,52,1689,400,904,0.442,122,368,0.332,189,218,0.867,59,350,409,202,40,39,110,81,1111,1158,1.84,0.36
203076,43,Anthony Davis,1610612742,DAL,43,1470,410,776,0.528,30,96,0.313,257,327,0.786,123,392,515,148,54,93,94,82,1107,1387,1.57,0.57
1627734,44,Domantas Sabonis,1610612758,SAC,57,2004,434,733,0.592,57,134,0.425,181,241,0.751,222,581,803,357,37,23,169,193,1106,1798,2.11,0.22
1630530,45,Trey Murphy III,1610612740,NOP,51,1816,374,823,0.454,154,427,0.361,202,228,0.886,46,216,262,185,56,38,100,108,1104,1070,1.85,0.56
1630163,46,LaMelo Ball,1610612766,CHA,43,1383,376,930,0.404,167,496,0.337,181,216,0.838,44,177,221,313,52,13,152,141,1100,958,2.06,0.34
1630596,47,Evan Mobley,1610612739,CLE,59,1785,423,745,0.568,65,176,0.369,187,252,0.742,135,416,551,183,50,92,120,118,1098,1467,1.52,0.42
1627736,48,Malik Beasley,1610612765,DET,67,1838,381,865,0.44,261,620,0.421,72,111,0.649,38,146,184,112,66,4,70,104,1095,868,1.6,0.94
1626181,49,Norman Powell,1610612746,LAC,46,1520,380,769,0.494,151,356,0.424,183,223,0.821,17,144,161,101,60,8,93,86,1094,902,1.09,0.65
202696,50,Nikola Vučević,1610612741,CHI,58,1846,445,834,0.534,100,259,0.386,99,122,0.811,133,456,589,194,49,37,99,139,1089,1447,1.96,0.49
203468,51,CJ McCollum,1610612740,NOP,51,1671,404,902,0.448,157,412,0.381,116,158,0.734,37,151,188,200,38,24,92,116,1081,899,2.17,0.41
1628401,52,Derrick White,1610612738,BOS,64,2166,363,816,0.445,225,579,0.389,116,137,0.847,56,222,278,281,61,68,102,117,1067,1179,2.75,0.6
1627826,53,Ivica Zubac,1610612746,LAC,65,2124,468,749,0.625,0,0,0.0,117,184,0.636,239,569,808,163,48,75,105,141,1053,1694,1.55,0.46
203944,54,Julius Randle,1610612750,MIN,55,1782,362,762,0.475,81,251,0.323,235,287,0.819,121,275,396,258,38,12,157,140,1040,1135,1.64,0.24
1631101,55,Shaedon Sharpe,1610612757,POR,59,1799,386,859,0.449,116,365,0.318,144,180,0.8,52,190,242,155,44,14,117,103,1032,861,1.32,0.38
1630567,56,Scottie Barnes,1610612761,TOR,52,1764,385,868,0.444,63,238,0.265,189,245,0.771,88,323,411,309,77,55,147,99,1022,1188,2.1,0.52
1630217,57,Desmond Bane,1610612763,MEM,55,1731,380,788,0.482,119,319,0.373,142,162,0.877,53,288,341,301,64,25,140,135,1021,1184,2.15,0.46
1631128,58,Christian Braun,1610612743,DEN,66,2208,392,688,0.57,72,186,0.387,152,184,0.826,82,253,335,158,72,35,62,144,1008,1218,2.55,1.16
1629675,59,Naz Reid,1610612750,MIN,67,1876,366,790,0.463,155,396,0.391,99,127,0.78,75,336,411,148,50,65,90,167,986,1118,1.64,0.56
1628384,60,OG Anunoby,1610612752,NYK,59,2167,364,777,0.468,131,359,0.365,123,155,0.794,80,203,283,128,83,51,80,134,982,1002,1.6,1.04
1629661,61,Cameron Johnson,1610612751,BKN,51,1624,322,674,0.478,148,371,0.399,173,196,0.883,49,172,221,157,49,24,86,96,965,955,1.83,0.57
1628370,62,Malik Monk,1610612758,SAC,55,1792,357,817,0.437,117,373,0.314,132,153,0.863,25,187,212,321,55,34,131,142,963,973,2.45,0.42
1629630,63,Ja Morant,1610612763,MEM,43,1291,329,733,0.449,66,227,0.291,236,283,0.834,25,150,175,320,53,11,161,95,960,907,1.99,0.33
1629029,64,Luka Dončić,1610612747,LAL,35,1229,323,726,0.445,119,340,0.35,193,253,0.763,29,266,295,271,68,15,131,92,958,1013,2.07,0.52
203952,65,Andrew Wiggins,1610612748,MIA,53,1644,328,746,0.44,114,311,0.367,178,231,0.771,81,162,243,133,51,44,84,88,948,864,1.58,0.61
1630202,66,Payton Pritchard,1610612738,BOS,67,1881,332,705,0.471,220,526,0.418,63,74,0.851,88,162,250,226,60,13,64,102,947,1048,3.53,0.94
1631097,67,Bennedict Mathurin,1610612754,IND,59,1795,330,707,0.467,85,239,0.356,201,242,0.831,70,246,316,113,34,22,111,135,946,902,1.02,0.31
1629012,68,Collin Sexton,1610612762,UTA,52,1457,332,708,0.469,92,232,0.397,180,205,0.878,56,93,149,220,34,5,137,114,936,806,1.61,0.25
1630166,69,Deni Avdija,1610612757,POR,61,1767,306,656,0.466,92,265,0.347,228,297,0.768,80,328,408,220,57,30,157,144,932,1071,1.4,0.36
1626162,70,Kelly Oubre Jr.,1610612755,PHI,60,2078,348,741,0.47,71,242,0.293,139,185,0.751,97,271,368,108,92,30,80,180,906,985,1.35,1.15
1626167,71,Myles Turner,1610612754,IND,58,1778,317,666,0.476,125,313,0.399,141,182,0.775,70,305,375,94,48,107,101,153,900,1033,0.93,0.47
1628386,72,Jarrett Allen,1610612739,CLE,66,1887,365,520,0.702,0,3,0.0,167,224,0.746,176,497,673,129,65,64,78,102,897,1538,1.65,0.83
1628404,73,Josh Hart,1610612752,NYK,62,2349,343,636,0.539,69,205,0.337,141,178,0.792,134,471,605,348,89,22,130,161,896,1500,2.68,0.69
1641718,74,Keyonte George,1610612762,UTA,53,1665,287,729,0.394,140,408,0.343,179,225,0.796,21,180,201,313,38,9,148,89,893,818,2.12,0.26
1629631,75,De'Andre Hunter,1610612739,CLE,50,1386,284,604,0.47,128,308,0.416,195,228,0.855,35,167,202,73,35,9,69,120,891,788,1.06,0.51
202699,76,Tobias Harris,1610612765,DET,63,2027,336,710,0.473,79,232,0.341,125,144,0.868,60,324,384,141,60,49,72,118,876,1045,1.96,0.83
1642264,77,Stephon Castle,1610612759,SAS,64,1637,316,737,0.429,74,258,0.287,167,234,0.714,63,139,202,222,60,15,126,125,873,758,1.76,0.48
1628415,78,Dillon Brooks,1610612745,HOU,63,2024,316,754,0.419,154,390,0.395,85,105,0.81,71,171,242,106,49,13,63,209,871,760,1.68,0.78
1630700,79,Dyson Daniels,1610612737,ATL,62,2104,363,759,0.478,66,193,0.342,72,119,0.605,98,249,347,258,187,45,118,156,864,1140,2.19,1.58
1628374,80,Lauri Markkanen,1610612762,UTA,45,1426,284,672,0.423,133,380,0.35,159,182,0.874,72,203,275,67,33,16,62,77,860,778,1.08,0.53
202691,81,Klay Thompson,1610612742,DAL,60,1656,308,749,0.411,186,468,0.397,57,63,0.905,42,174,216,129,45,28,79,74,859,751,1.63,0.57
1630183,82,Jaden McDaniels,1610612750,MIN,68,2212,338,703,0.481,90,266,0.338,91,110,0.827,111,294,405,139,100,58,77,195,857,1098,1.8,1.3
1631094,83,Paolo Banchero,1610612753,ORL,34,1157,295,656,0.45,64,198,0.323,200,282,0.709,36,206,242,159,28,24,97,74,854,767,1.64,0.29
1641708,84,Amen Thompson,1610612745,HOU,60,1952,331,599,0.553,20,78,0.256,158,228,0.693,166,334,500,218,79,75,126,140,840,1248,1.73,0.63
203078,85,Bradley Beal,1610612756,PHX,47,1529,316,624,0.506,92,231,0.398,104,128,0.813,33,129,162,174,49,25,91,122,828,815,1.91,0.54
1630581,85,Josh Giddey,1610612741,CHI,60,1781,304,658,0.462,89,237,0.376,131,166,0.789,103,357,460,402,65,38,165,104,828,1239,2.44,0.39
203471,87,Dennis Schröder,1610612765,DET,61,1688,287,690,0.416,112,319,0.351,129,154,0.838,20,139,159,320,58,11,123,150,815,812,2.6,0.47
201572,88,Brook Lopez,1610612749,MIL,64,2027,301,612,0.492,116,313,0.371,92,109,0.844,86,235,321,113,43,124,62,140,810,1021,1.82,0.69
1630170,89,Devin Vassell,1610612759,SAS,50,1533,306,698,0.438,113,323,0.35,74,94,0.787,29,160,189,146,64,27,68,82,799,745,2.15,0.94
201566,90,Russell Westbrook,1610612743,DEN,60,1669,297,639,0.465,76,223,0.341,110,172,0.64,88,214,302,360,83,30,183,149,780,968,1.97,0.45
1641711,91,Gradey Dick,1610612761,TOR,54,1587,265,647,0.41,114,326,0.35,133,155,0.858,44,149,193,98,48,10,83,120,777,639,1.18,0.58
1629640,91,Keldon Johnson,1610612759,SAS,62,1461,292,602,0.485,72,220,0.327,121,158,0.766,85,197,282,94,36,13,58,93,777,797,1.62,0.62
1631099,93,Keegan Murray,1610612758,SAC,63,2182,299,679,0.44,121,364,0.332,54,65,0.831,128,297,425,91,50,54,53,158,773,949,1.72,0.94
1629656,94,Quentin Grimes,1610612755,PHI,62,1560,277,580,0.478,118,302,0.391,98,129,0.76,47,210,257,156,54,20,95,109,770,828,1.64,0.57
1630703,95,Scoot Henderson,1610612757,POR,59,1581,262,606,0.432,94,255,0.369,149,193,0.772,44,133,177,300,66,13,156,163,767,779,1.92,0.42
203084,96,Harrison Barnes,1610612759,SAS,65,1782,264,523,0.505,113,263,0.43,123,159,0.774,88,164,252,109,23,12,38,60,764,827,2.87,0.6
1627741,97,Buddy Hield,1610612744,GSW,66,1534,277,662,0.418,169,456,0.371,40,51,0.784,39,176,215,117,58,21,80,109,763,698,1.46,0.72
1630168,98,Onyeka Okongwu,1610612737,ATL,60,1598,303,530,0.572,29,98,0.296,126,170,0.741,184,322,506,133,51,57,63,146,761,1174,2.11,0.81
1628381,99,John Collins,1610612762,UTA,40,1221,280,531,0.527,59,148,0.399,139,164,0.848,89,238,327,80,39,40,103,116,758,865,0.78,0.38
1630598,100,Aaron Wiggins,1610612760,OKC,66,1487,296,602,0.492,109,280,0.389,53,64,0.828,73,178,251,108,52,17,57,84,754,808,1.9,0.91
1631105,101,Jalen Duren,1610612765,DET,64,1658,304,435,0.699,0,0,0.0,126,183,0.689,223,442,665,161,48,75,114,206,734,1381,1.41,0.42
1641731,102,Bilal Coulibaly,1610612764,WAS,59,1948,263,624,0.421,63,224,0.281,138,185,0.746,91,203,294,199,78,41,125,139,727,806,1.59,0.62
1629660,102,Ty Jerome,1610612739,CLE,61,1192,260,516,0.504,93,214,0.435,114,126,0.905,44,115,159,202,73,1,78,93,727,816,2.59,0.94
1642377,104,Jaylen Wells,1610612763,MEM,67,1736,256,589,0.435,122,337,0.362,90,111,0.811,75,145,220,112,38,8,64,123,724,684,1.75,0.59
1627751,105,Jakob Poeltl,1610612761,TOR,51,1526,314,511,0.614,0,2,0.0,92,135,0.681,169,323,492,145,61,62,97,164,720,1143,1.5,0.63
202685,106,Jonas Valančiūnas,1610612758,SAC,65,1299,293,539,0.544,8,32,0.25,124,143,0.867,165,372,537,144,34,41,107,143,718,1102,1.35,0.32
1628398,107,Kyle Kuzma,1610612749,MIL,48,1422,272,643,0.423,65,226,0.288,98,156,0.628,37,259,296,111,26,10,112,83,707,609,0.99,0.23
1629130,108,Duncan Robinson,1610612748,MIA,63,1553,249,575,0.433,162,418,0.388,42,47,0.894,15,135,150,160,35,5,75,120,702,646,2.13,0.47
1630557,109,Corey Kispert,1610612764,WAS,60,1587,253,560,0.452,120,328,0.366,75,88,0.852,36,143,179,102,26,14,64,98,701,638,1.59,0.41
1642258,110,Zaccharie Risacher,1610612737,ATL,60,1474,263,597,0.441,89,257,0.346,85,119,0.714,74,148,222,74,47,30,76,114,700,629,0.97,0.62
203915,111,Spencer Dinwiddie,1610612742,DAL,66,1703,225,543,0.414,90,265,0.34,152,188,0.809,13,146,159,247,55,14,78,99,692,735,3.17,0.7
1641739,112,Toumani Camara,1610612757,POR,65,2128,256,565,0.453,99,272,0.364,79,106,0.745,148,233,381,141,96,42,96,200,690,918,1.47,1.0
1630230,113,Naji Marshall,1610612742,DAL,55,1451,269,540,0.498,51,181,0.282,99,116,0.853,58,195,253,155,59,8,86,82,688,789,1.8,0.69
1626145,114,Tyus Jones,1610612756,PHX,66,1857,251,560,0.448,137,323,0.424,48,54,0.889,32,129,161,379,56,7,84,57,687,891,4.51,0.67
1630552,115,Jalen Johnson,1610612737,ATL,36,1284,271,542,0.5,44,141,0.312,94,126,0.746,62,297,359,181,56,36,106,67,680,903,1.71,0.53
1627832,116,Fred VanVleet,1610612745,HOU,48,1684,235,612,0.384,125,366,0.342,84,102,0.824,30,159,189,273,80,20,71,113,679,775,3.85,1.13
1629627,117,Zion Williamson,1610612740,NOP,28,799,267,474,0.563,3,13,0.231,141,217,0.65,74,131,205,148,34,25,84,74,678,723,1.76,0.41
203924,118,Jerami Grant,1610612757,POR,47,1524,214,574,0.373,108,296,0.365,141,166,0.849,26,137,163,101,41,46,65,109,677,578,1.55,0.63
1630583,119,Santi Aldama,1610612763,MEM,53,1325,263,540,0.487,96,256,0.375,49,70,0.7,84,270,354,150,42,29,53,57,671,895,2.83,0.79
202331,120,Paul George,1610612755,PHI,41,1334,245,570,0.43,96,268,0.358,79,97,0.814,24,195,219,178,75,20,106,101,665,708,1.68,0.71
1629060,120,Rui Hachimura,1610612747,LAL,50,1605,253,500,0.506,84,205,0.41,75,98,0.765,73,188,261,75,40,24,44,91,665,751,1.71,0.91
1626156,122,D'Angelo Russell,1610612751,BKN,52,1332,227,567,0.4,100,314,0.318,110,131,0.84,17,127,144,268,50,22,97,104,664,690,2.76,0.52
1629599,123,Amir Coffey,1610612746,LAC,65,1662,229,480,0.477,97,233,0.416,108,119,0.908,29,121,150,73,37,7,42,115,663,626,1.74,0.88
202710,124,Jimmy Butler III,1610612744,GSW,39,1208,212,417,0.508,18,61,0.295,219,263,0.833,88,122,210,201,45,13,50,36,661,831,4.02,0.9
203501,125,Tim Hardaway Jr.,1610612765,DET,63,1775,216,539,0.401,131,365,0.359,95,115,0.826,16,139,155,104,34,5,43,79,658,570,2.42,0.79
1629023,126,P.J. Washington,1610612742,DAL,47,1514,236,546,0.432,74,198,0.374,111,150,0.74,74,306,380,110,55,50,88,114,657,815,1.25,0.63
1626179,127,Terry Rozier,1610612748,MIA,57,1538,239,596,0.401,87,285,0.305,90,105,0.857,40,179,219,154,35,14,74,73,655,631,2.08,0.47
1627884,128,Derrick Jones Jr.,1610612746,LAC,62,1537,259,493,0.525,63,175,0.36,68,96,0.708,78,138,216,49,69,23,56,127,649,688,0.88,1.23
1630553,129,Keon Johnson,1610612751,BKN,65,1551,235,623,0.377,96,320,0.3,82,106,0.774,55,185,240,129,67,26,83,163,648,615,1.55,0.81
203497,130,Rudy Gobert,1610612750,MIN,58,1916,251,383,0.655,0,0,0.0,141,207,0.681,204,399,603,107,42,86,77,141,643,1206,1.39,0.55
1629638,131,Nickeil Alexander-Walker,1610612750,MIN,68,1715,225,508,0.443,122,306,0.399,63,83,0.759,39,169,208,171,43,25,83,114,635,696,2.06,0.52
1627824,132,Guerschon Yabusele,1610612755,PHI,61,1622,231,465,0.497,89,230,0.387,83,113,0.735,114,225,339,122,48,22,77,145,634,824,1.58,0.62
1626171,133,Bobby Portis,1610612749,MIL,46,1160,258,557,0.463,60,165,0.364,55,67,0.821,83,300,383,102,31,25,56,87,631,805,1.82,0.55
204001,134,Kristaps Porziņģis,1610612738,BOS,33,957,215,451,0.477,78,198,0.394,122,150,0.813,50,169,219,62,27,52,38,92,630,688,1.63,0.71
1629655,135,Daniel Gafford,1610612742,DAL,51,1115,253,362,0.699,0,0,0.0,121,173,0.699,139,211,350,73,21,96,61,136,627,945,1.2,0.34
1627777,136,Georges Niang,1610612737,ATL,65,1413,230,496,0.464,127,319,0.398,38,48,0.792,43,205,248,95,23,12,61,165,625,666,1.56,0.38
1630577,137,Julian Champagnie,1610612759,SAS,65,1503,215,515,0.417,134,372,0.36,59,65,0.908,53,192,245,82,51,27,57,85,623,665,1.44,0.9
1627747,138,Caris LeVert,1610612737,ATL,52,1294,222,469,0.473,89,226,0.394,84,117,0.718,31,130,161,175,47,27,63,76,617,684,2.78,0.75
1630167,139,Obi Toppin,1610612754,IND,62,1181,236,443,0.533,71,212,0.335,73,91,0.802,44,203,247,96,39,20,50,86,616,743,1.92,0.78
1629018,140,Gary Trent Jr.,1610612749,MIL,58,1441,216,495,0.436,133,318,0.418,48,57,0.842,16,118,134,65,56,3,37,105,613,546,1.76,1.51
1642267,141,Bub Carrington,1610612764,WAS,65,1904,223,553,0.403,106,308,0.344,53,63,0.841,29,230,259,261,47,13,103,153,605,742,2.53,0.46
1629652,141,Luguentz Dort,1610612760,OKC,61,1780,216,510,0.424,140,352,0.398,33,44,0.75,83,170,253,99,68,35,41,180,605,714,2.42,1.66
1630592,143,Jalen Wilson,1610612751,BKN,66,1709,200,504,0.397,93,289,0.322,111,134,0.828,64,150,214,117,35,3,72,141,604,574,1.63,0.49
1630590,144,Scotty Pippen Jr.,1610612763,MEM,66,1338,221,469,0.471,64,176,0.364,96,136,0.706,53,158,211,277,85,24,113,162,602,798,2.45,0.75
1630560,145,Cam Thomas,1610612751,BKN,25,781,199,454,0.438,68,195,0.349,133,151,0.881,15,68,83,94,15,2,62,44,599,458,1.52,0.24
1631108,146,Max Christie,1610612742,DAL,64,1738,202,476,0.424,95,258,0.368,99,116,0.853,32,164,196,123,52,27,65,99,598,640,1.89,0.8
1642261,147,Dalton Knecht,1610612747,LAL,62,1281,219,468,0.468,105,287,0.366,52,69,0.754,31,154,185,55,22,5,30,82,595,566,1.83,0.73
1642259,148,Alex Sarr,1610612764,WAS,50,1347,223,571,0.391,75,239,0.314,73,116,0.629,91,243,334,114,32,78,73,115,594,688,1.56,0.44
1629651,149,Nic Claxton,1610612751,BKN,58,1576,261,475,0.549,1,16,0.063,70,132,0.53,128,304,432,132,53,87,70,126,593,951,1.89,0.76
204456,150,T.J. McConnell,1610612754,IND,62,1111,263,499,0.527,13,42,0.31,47,63,0.746,32,114,146,273,71,17,92,59,586,749,2.97,0.77
1630175,151,Cole Anthony,1610612753,ORL,60,1129,215,507,0.424,68,195,0.349,85,104,0.817,43,142,185,175,42,27,98,141,583,603,1.79,0.43
1631117,152,Walker Kessler,1610612762,UTA,50,1521,250,345,0.725,2,6,0.333,75,140,0.536,235,382,617,82,31,124,76,108,577,1195,1.08,0.41
1629028,153,Deandre Ayton,1610612757,POR,40,1206,265,468,0.566,6,32,0.188,40,60,0.667,124,282,406,64,31,39,69,88,576,824,0.93,0.45
1630541,154,Moses Moody,1610612744,GSW,58,1228,193,432,0.447,101,259,0.39,86,110,0.782,38,106,144,71,36,23,39,87,573,545,1.82,0.92
101108,155,Chris Paul,1610612759,SAS,65,1841,191,457,0.418,113,300,0.377,77,82,0.939,27,207,234,510,85,13,97,117,572,1046,5.26,0.88
1631124,155,Julian Strawther,1610612743,DEN,61,1351,205,472,0.434,94,263,0.357,68,82,0.829,16,116,132,81,38,15,57,146,572,500,1.42,0.67
201950,157,Jrue Holiday,1610612738,BOS,52,1588,213,479,0.445,91,265,0.343,54,60,0.9,63,160,223,194,54,25,70,86,571,725,2.77,0.77
1626220,157,Royce O'Neale,1610612756,PHX,61,1547,202,466,0.433,148,353,0.419,19,26,0.731,47,245,292,135,63,28,54,124,571,764,2.5,1.17
1628978,159,Donte DiVincenzo,1610612750,MIN,49,1302,194,466,0.416,137,348,0.394,44,56,0.786,26,159,185,184,60,12,78,85,569,648,2.36,0.77
1641706,160,Brandon Miller,1610612766,CHA,27,924,198,491,0.403,104,293,0.355,68,79,0.861,25,106,131,98,29,20,76,74,568,466,1.29,0.38
1628960,160,Grayson Allen,1610612756,PHX,53,1317,181,402,0.45,129,297,0.434,77,95,0.811,29,136,165,116,47,19,57,81,568,619,2.04,0.82
1641710,162,Anthony Black,1610612753,ORL,64,1521,197,480,0.41,45,149,0.302,128,171,0.749,39,133,172,196,66,34,110,136,567,599,1.78,0.6
1630591,162,Jalen Suggs,1610612753,ORL,35,1002,197,481,0.41,76,242,0.314,97,110,0.882,23,118,141,129,51,33,102,98,567,522,1.26,0.5
1630245,164,Ayo Dosunmu,1610612741,CHI,46,1394,221,449,0.492,62,189,0.328,62,79,0.785,26,135,161,208,43,18,69,105,566,682,3.01,0.62
203903,165,Jordan Clarkson,1610612762,UTA,34,898,188,461,0.408,80,216,0.37,106,132,0.803,24,85,109,129,31,8,73,51,562,467,1.77,0.42
1641729,166,Brice Sensabaugh,1610612762,UTA,56,1048,203,448,0.453,107,269,0.398,46,50,0.92,33,115,148,77,32,5,79,81,559,493,0.97,0.41
1629645,167,Kevin Porter Jr.,1610612749,MIL,59,1109,220,500,0.44,37,130,0.285,79,111,0.712,32,168,200,188,61,13,112,91,556,594,1.68,0.55
1630228,168,Jonathan Kuminga,1610612744,GSW,33,852,201,433,0.464,40,117,0.342,112,175,0.64,44,118,162,71,30,18,50,63,554,490,1.42,0.6
203484,169,Kentavious Caldwell-Pope,1610612753,ORL,64,1934,198,465,0.426,86,274,0.314,71,82,0.866,24,111,135,111,84,30,53,123,553,582,2.09,1.58
1642274,169,Yves Missi,1610612740,NOP,63,1699,225,414,0.543,0,1,0.0,103,162,0.636,221,283,504,82,35,85,75,130,553,936,1.09,0.47
1630198,171,Isaiah Joe,1610612760,OKC,59,1218,191,447,0.427,139,351,0.396,31,40,0.775,31,117,148,88,39,9,27,98,552,544,3.26,1.44
1631106,172,Tari Eason,1610612745,HOU,45,1123,216,442,0.489,52,147,0.354,67,87,0.77,99,185,284,61,82,41,50,110,551,723,1.22,1.64
1627749,173,Dejounte Murray,1610612740,NOP,31,1012,194,494,0.393,52,174,0.299,102,124,0.823,17,183,200,228,63,12,106,61,542,617,2.15,0.59
1630534,174,Ochai Agbaji,1610612761,TOR,54,1457,215,426,0.505,81,203,0.399,28,42,0.667,47,151,198,81,45,28,42,101,539,624,1.93,1.07
1641722,175,Jordan Hawkins,1610612740,NOP,49,1143,184,486,0.379,96,284,0.338,69,83,0.831,23,108,131,55,29,20,47,40,533,405,1.17,0.62
1631095,176,Jabari Smith Jr.,1610612745,HOU,45,1380,188,443,0.424,75,220,0.341,81,99,0.818,84,213,297,45,15,39,44,103,532,611,1.02,0.34
1630533,177,Ziaire Williams,1610612751,BKN,53,1306,180,438,0.411,83,246,0.337,87,105,0.829,58,195,253,76,51,23,54,129,530,603,1.41,0.94
1631093,178,Jaden Ivey,1610612765,DET,30,898,190,413,0.46,63,154,0.409,85,116,0.733,40,84,124,119,28,11,89,67,528,467,1.34,0.32
1631165,179,Keon Ellis,1610612758,SAC,64,1479,180,372,0.484,108,252,0.429,59,69,0.855,48,113,161,85,92,51,53,129,527,661,1.6,1.74
1627752,180,Taurean Prince,1610612749,MIL,64,1705,185,413,0.448,121,271,0.446,26,31,0.839,30,211,241,130,53,9,67,133,517,650,1.94,0.79
1631109,181,Mark Williams,1610612766,CHA,33,854,203,341,0.595,0,1,0.0,110,139,0.791,101,229,330,75,23,40,43,82,516,774,1.74,0.54
203932,182,Aaron Gordon,1610612743,DEN,39,1050,181,351,0.516,54,121,0.446,97,121,0.802,60,128,188,118,18,10,46,59,513,607,2.56,0.39
1631110,183,Jeremy Sochan,1610612759,SAS,45,1126,208,381,0.546,24,72,0.333,71,103,0.689,109,196,305,110,38,23,69,106,511,713,1.59,0.55
1630540,184,Miles McBride,1610612752,NYK,55,1337,182,443,0.411,95,256,0.371,49,60,0.817,41,95,136,151,54,15,36,85,508,556,4.19,1.5
1629634,185,Brandon Clarke,1610612763,MEM,61,1163,224,364,0.615,1,17,0.059,58,84,0.69,120,195,315,63,50,35,38,144,507,766,1.66,1.32
1641764,186,Brandin Podziemski,1610612744,GSW,50,1270,191,447,0.427,68,213,0.319,56,74,0.757,52,191,243,171,53,12,54,74,506,657,3.17,0.98
1628449,187,Chris Boucher,1610612761,TOR,50,862,182,370,0.492,70,193,0.363,68,87,0.782,70,154,224,33,24,25,29,68,502,572,1.14,0.83
1629614,188,Andrew Nembhard,1610612754,IND,49,1417,187,401,0.466,39,128,0.305,87,109,0.798,26,129,155,251,66,8,88,116,500,656,2.85,0.75
1642273,188,Kyshawn George,1610612764,WAS,59,1597,170,469,0.362,100,313,0.319,60,78,0.769,43,203,246,143,58,48,87,180,500,591,1.64,0.67
1628392,190,Isaiah Hartenstein,1610612760,OKC,45,1268,217,379,0.573,0,15,0.0,64,95,0.674,132,368,500,175,35,45,75,134,498,985,2.33,0.47
1628379,191,Luke Kennard,1610612763,MEM,52,1163,174,361,0.482,102,224,0.455,46,52,0.885,32,113,145,174,38,5,59,45,496,606,2.95,0.64
1631107,192,Nikola Jović,1610612748,MIA,46,1156,172,377,0.456,78,210,0.371,72,87,0.828,26,154,180,131,38,13,60,82,494,576,2.18,0.63
203991,193,Clint Capela,1610612737,ATL,55,1176,218,390,0.559,0,1,0.0,52,97,0.536,174,295,469,62,34,53,47,106,488,842,1.32,0.72
1628976,194,Wendell Carter Jr.,1610612753,ORL,55,1417,175,385,0.455,25,121,0.207,110,149,0.738,115,286,401,119,41,28,63,162,485,762,1.89,0.65
1642271,195,Kyle Filipowski,1610612762,UTA,57,1116,179,348,0.514,55,141,0.39,71,111,0.64,80,232,312,112,34,10,72,127,484,671,1.56,0.47
201144,196,Mike Conley,1610612750,MIN,58,1435,153,389,0.393,107,262,0.408,69,75,0.92,28,121,149,259,68,11,61,90,482,666,4.25,1.11
1641783,196,Tristan da Silva,1610612753,ORL,64,1473,179,427,0.419,73,217,0.336,51,59,0.864,66,154,220,99,29,16,52,86,482,538,1.9,0.56
1628989,198,Kevin Huerter,1610612741,CHI,55,1219,177,443,0.4,93,295,0.315,31,43,0.721,27,133,160,100,52,18,52,93,478,478,1.92,1.0
203110,199,Draymond Green,1610612744,GSW,52,1500,166,384,0.432,60,176,0.341,85,125,0.68,57,261,318,304,71,51,128,160,477,835,2.38,0.56
1641744,200,Zach Edey,1610612763,MEM,52,1075,197,342,0.576,16,44,0.364,65,93,0.699,181,222,403,45,29,63,68,133,475,774,0.66,0.43
1631170,201,Jaime Jaquez Jr.,1610612748,MIA,54,1163,171,382,0.448,31,100,0.31,96,127,0.756,64,176,240,133,53,10,79,75,469,584,1.68,0.67
1630188,202,Jalen Smith,1610612741,CHI,56,857,166,356,0.466,68,200,0.34,65,79,0.823,79,233,312,54,15,41,34,89,465,649,1.59,0.44
1641824,203,Matas Buzelis,1610612741,CHI,64,1083,171,395,0.433,60,187,0.321,60,71,0.845,43,156,199,52,16,54,49,106,462,499,1.06,0.33
1642268,204,Isaiah Collier,1610612762,UTA,59,1475,177,428,0.414,31,131,0.237,72,110,0.655,24,163,187,365,51,12,174,127,457,609,2.1,0.29
202695,205,Kawhi Leonard,1610612746,LAC,24,719,179,385,0.465,44,123,0.358,51,69,0.739,24,100,124,67,34,11,51,37,453,414,1.31,0.67
1641717,206,Cason Wallace,1610612760,OKC,57,1559,183,398,0.46,61,178,0.343,25,30,0.833,59,136,195,145,99,31,46,128,452,656,3.15,2.15
203954,206,Joel Embiid,1610612755,PHI,19,574,140,315,0.444,23,77,0.299,149,169,0.882,36,119,155,85,14,18,62,42,452,467,1.37,0.23
1630193,208,Immanuel Quickley,1610612761,TOR,26,736,145,340,0.426,65,174,0.374,94,109,0.862,11,79,90,142,15,3,46,50,449,443,3.09,0.33
1630527,209,Brandon Boston,1610612740,NOP,42,993,166,381,0.436,49,140,0.35,67,85,0.788,28,106,134,92,53,9,52,73,448,451,1.77,1.02
1630573,209,Sam Hauser,1610612738,BOS,58,1202,159,360,0.442,124,308,0.403,6,6,1.0,39,138,177,53,33,10,20,68,448,500,2.65,1.65
1630182,211,Josh Green,1610612766,CHA,60,1717,158,371,0.426,87,220,0.395,41,62,0.661,54,109,163,95,70,13,57,151,444,494,1.67,1.23
201143,212,Al Horford,1610612738,BOS,52,1427,160,382,0.419,95,262,0.363,27,30,0.9,64,243,307,106,33,46,39,74,442,670,2.72,0.85
1631260,213,AJ Green,1610612749,MIL,58,1320,147,344,0.427,124,295,0.42,19,21,0.905,13,118,131,81,33,6,30,127,437,459,2.7,1.1
1630208,214,Nick Richards,1610612756,PHX,46,1018,165,276,0.598,0,2,0.0,105,144,0.729,113,282,395,44,11,48,66,116,435,717,0.67,0.17
1629048,215,Goga Bitadze,1610612753,ORL,57,1230,181,290,0.624,3,23,0.13,69,109,0.633,139,260,399,114,40,88,65,126,434,861,1.75,0.61
1641733,216,Nick Smith Jr.,1610612766,CHA,47,1034,166,423,0.392,74,230,0.322,24,26,0.923,10,84,94,98,16,6,62,63,430,323,1.58,0.26
1641709,217,Ausar Thompson,1610612765,DET,45,973,181,329,0.55,8,35,0.229,59,99,0.596,83,141,224,100,79,24,63,126,429,605,1.59,1.25
203992,218,Bogdan Bogdanović,1610612746,LAC,39,998,153,379,0.404,75,231,0.325,47,54,0.87,19,97,116,95,29,9,60,92,428,384,1.58,0.48
1630631,219,Jose Alvarado,1610612740,NOP,43,1019,148,363,0.408,87,226,0.385,40,49,0.816,20,83,103,197,61,11,49,73,423,522,4.02,1.25
1630172,219,Patrick Williams,1610612741,CHI,47,1215,150,398,0.377,73,209,0.349,50,67,0.746,35,151,186,94,35,27,63,62,423,437,1.49,0.56
1631212,221,Peyton Watson,1610612743,DEN,54,1262,152,325,0.468,39,108,0.361,78,107,0.729,39,136,175,77,43,64,46,93,421,532,1.67,0.94
1630625,222,Dalano Banton,1610612757,POR,52,784,147,354,0.415,56,155,0.361,66,93,0.71,20,79,99,108,33,23,63,41,416,382,1.71,0.52
1630558,223,Davion Mitchell,1610612748,MIA,59,1548,158,346,0.457,64,163,0.393,35,55,0.636,24,99,123,273,47,11,102,147,415,559,2.68,0.46
1630241,224,Sam Merrill,1610612739,CLE,57,1104,138,337,0.409,110,292,0.377,28,29,0.966,28,89,117,78,38,10,26,101,414,431,3.0,1.46
1631213,225,Tyrese Martin,1610612751,BKN,49,1035,150,370,0.405,79,225,0.351,34,44,0.773,50,124,174,86,26,8,56,56,413,421,1.54,0.46
1631222,226,Jake LaRavia,1610612758,SAC,61,1238,144,307,0.469,53,127,0.417,71,106,0.67,86,159,245,151,55,22,80,118,412,607,1.89,0.69
1641842,227,Ronald Holland II,1610612765,DET,67,1036,154,342,0.45,29,131,0.221,73,92,0.793,32,143,175,59,39,9,54,113,410,431,1.09,0.72
1626166,228,Cameron Payne,1610612752,NYK,59,841,145,351,0.413,76,207,0.367,41,46,0.891,11,70,81,156,33,13,39,91,407,440,4.0,0.85
1642276,229,Kel'el Ware,1610612748,MIA,48,978,170,315,0.54,27,84,0.321,36,50,0.72,77,233,310,44,29,51,42,73,403,636,1.05,0.69
1627742,230,Brandon Ingram,1610612761,TOR,18,595,155,333,0.465,43,115,0.374,47,55,0.855,17,83,100,93,16,11,69,45,400,365,1.35,0.23
203114,230,Khris Middleton,1610612764,WAS,32,754,146,297,0.492,42,117,0.359,66,77,0.857,11,113,124,139,31,8,53,69,400,487,2.62,0.58
1641715,232,Cam Whitmore,1610612745,HOU,44,714,147,350,0.42,53,161,0.329,48,65,0.738,31,100,131,40,28,12,37,41,395,349,1.08,0.76
1627827,233,Dorian Finney-Smith,1610612747,LAL,48,1355,142,324,0.438,87,224,0.388,22,33,0.667,67,123,190,62,44,15,44,109,393,467,1.41,1.0
1630548,234,Johnny Juzang,1610612762,UTA,49,897,136,322,0.422,82,223,0.368,37,45,0.822,31,109,140,44,24,7,26,97,391,386,1.69,0.92
1629021,235,Moritz Wagner,1610612753,ORL,30,564,140,249,0.562,27,75,0.36,79,110,0.718,40,108,148,42,24,12,49,55,386,423,0.86,0.49
1642347,236,Jamal Shead,1610612761,TOR,61,1101,149,356,0.419,52,154,0.338,31,41,0.756,22,59,81,227,35,9,93,125,381,423,2.44,0.38
1641730,237,Noah Clowney,1610612751,BKN,40,911,121,322,0.376,80,228,0.351,58,69,0.841,38,117,155,32,21,20,38,89,380,358,0.84,0.55
1629312,238,Haywood Highsmith,1610612748,MIA,59,1416,141,300,0.47,69,176,0.392,27,36,0.75,49,135,184,81,54,33,42,130,378,520,1.93,1.29
1631218,239,Trayce Jackson-Davis,1610612744,GSW,53,917,161,281,0.573,0,1,0.0,52,88,0.591,111,180,291,99,22,37,41,68,374,626,2.42,0.54
1630643,240,Jay Huff,1610612763,MEM,53,633,131,255,0.514,71,171,0.415,37,48,0.771,24,85,109,33,13,46,29,67,370,407,1.14,0.45
1641741,240,Ricky Council IV,1610612755,PHI,57,862,126,317,0.397,41,146,0.281,77,93,0.828,37,91,128,67,27,10,31,49,370,364,2.16,0.87
1630702,242,Jaden Hardy,1610612742,DAL,46,697,134,313,0.428,58,151,0.384,41,61,0.672,8,63,71,64,22,5,64,71,367,266,1.0,0.34
1629611,243,Terance Mann,1610612737,ATL,52,1076,143,297,0.481,45,121,0.372,34,53,0.642,51,102,153,98,34,14,37,101,365,454,2.65,0.92
1627739,244,Kris Dunn,1610612746,LAC,60,1443,151,353,0.428,53,175,0.303,9,16,0.563,49,161,210,183,110,23,62,157,364,619,2.95,1.77
1631323,244,Simone Fontecchio,1610612765,DET,60,1019,120,307,0.391,61,188,0.324,63,77,0.818,41,140,181,56,23,11,47,76,364,387,1.19,0.49
1630549,246,Day'Ron Sharpe,1610612751,BKN,45,807,148,285,0.519,10,39,0.256,56,74,0.757,139,158,297,80,37,37,57,108,362,601,1.4,0.65
1630191,247,Isaiah Stewart,1610612765,DET,61,1208,142,263,0.54,12,43,0.279,59,78,0.756,116,223,339,103,21,83,58,150,355,703,1.78,0.36
1642272,248,Jared McCain,1610612755,PHI,23,592,126,274,0.46,51,133,0.383,49,56,0.875,13,43,56,60,15,0,37,37,352,291,1.62,0.41
1630551,248,Justin Champagnie,1610612764,WAS,46,869,133,268,0.496,49,129,0.38,37,51,0.725,72,149,221,42,43,30,38,81,352,501,1.1,1.13
1642346,250,Ryan Dunn,1610612756,PHX,59,1017,141,330,0.427,53,177,0.299,14,29,0.483,54,127,181,47,26,32,26,123,349,405,1.81,1.0
1642266,251,Ja'Kobe Walter,1610612761,TOR,44,879,125,309,0.405,44,141,0.312,50,67,0.746,43,83,126,56,31,8,40,81,344,324,1.4,0.78
1628418,252,Thomas Bryant,1610612754,IND,49,737,130,248,0.524,38,108,0.352,38,46,0.826,69,132,201,50,21,29,23,58,336,488,2.17,0.91
1629726,253,Garrison Mathews,1610612737,ATL,44,776,96,242,0.397,80,205,0.39,63,77,0.818,13,68,81,57,26,13,29,77,335,323,1.97,0.9
1628371,253,Jonathan Isaac,1610612753,ORL,59,943,118,285,0.414,38,140,0.271,61,91,0.67,102,171,273,30,50,66,26,81,335,531,1.15,1.92
1629216,255,Gabe Vincent,1610612747,LAL,56,1176,124,315,0.394,74,222,0.333,11,16,0.688,13,53,66,82,40,12,33,115,333,304,2.48,1.21
1627780,255,Gary Payton II,1610612744,GSW,53,760,141,246,0.573,24,78,0.308,27,37,0.73,46,109,155,70,38,15,33,92,333,463,2.12,1.15
1629622,255,Max Strus,1610612739,CLE,37,924,114,274,0.416,84,222,0.378,21,23,0.913,35,125,160,115,23,10,36,75,333,443,3.19,0.64
1626168,258,Trey Lyles,1610612758,SAC,54,983,115,282,0.408,63,183,0.344,37,54,0.685,57,181,238,60,31,20,30,65,330,465,2.0,1.03
203552,259,Seth Curry,1610612766,CHA,55,801,121,260,0.465,64,143,0.448,20,25,0.8,23,68,91,39,24,7,24,49,326,319,1.63,1.0
1630215,260,Jared Butler,1610612755,PHI,44,594,123,264,0.466,30,87,0.345,49,62,0.79,18,56,74,134,18,9,50,59,325,356,2.68,0.36
1641716,261,Jarace Walker,1610612754,IND,59,905,118,259,0.456,47,129,0.364,39,61,0.639,21,150,171,81,46,21,60,88,322,418,1.35,0.77
1629750,262,Javonte Green,1610612739,CLE,55,1141,111,246,0.451,44,122,0.361,53,71,0.746,52,140,192,49,56,30,29,81,319,464,1.69,1.93
1628436,262,Luke Kornet,1610612738,BOS,60,1083,132,198,0.667,0,2,0.0,55,78,0.705,144,159,303,96,31,59,26,96,319,693,3.69,1.19
1630174,264,Aaron Nesmith,1610612754,IND,30,725,114,234,0.487,47,121,0.388,42,47,0.894,20,90,110,42,20,12,24,76,317,352,1.75,0.83
1642270,264,Donovan Clingan,1610612757,POR,53,945,132,240,0.55,8,30,0.267,45,73,0.616,151,230,381,53,24,86,63,147,317,662,0.84,0.38
1631096,266,Chet Holmgren,1610612760,OKC,21,563,111,225,0.493,27,77,0.351,66,89,0.742,38,142,180,39,17,56,38,44,315,432,1.03,0.45
1628380,267,Zach Collins,1610612741,CHI,48,725,112,224,0.5,26,82,0.317,60,68,0.882,72,132,204,83,25,24,38,101,310,488,2.18,0.66
1628998,268,Cody Martin,1610612756,PHX,39,967,116,268,0.433,40,124,0.323,34,49,0.694,40,136,176,89,43,26,42,72,306,431,2.12,1.02
1627763,269,Malcolm Brogdon,1610612764,WAS,24,564,104,240,0.433,16,56,0.286,81,92,0.88,21,70,91,98,13,5,38,30,305,327,2.58,0.34
203486,269,Mason Plumlee,1610612756,PHX,66,1195,116,189,0.614,0,3,0.0,73,113,0.646,107,311,418,121,30,43,52,144,305,752,2.33,0.58
1628997,271,Caleb Martin,1610612742,DAL,36,1039,110,255,0.431,34,93,0.366,50,80,0.625,45,103,148,80,37,22,47,69,304,369,1.7,0.79
1641767,272,Ben Sheppard,1610612754,IND,51,1027,109,250,0.436,61,170,0.359,21,23,0.913,34,104,138,64,32,12,17,109,300,386,3.77,1.88
1629026,272,Kenrich Williams,1610612760,OKC,53,779,116,240,0.483,47,122,0.385,21,26,0.808,49,123,172,62,32,7,28,80,300,416,2.21,1.14
1631217,272,Moussa Diabaté,1610612766,CHA,57,1032,125,213,0.587,0,2,0.0,50,87,0.575,165,207,372,50,39,35,50,92,300,621,1.0,0.78
203994,275,Jusuf Nurkić,1610612766,CHA,36,776,106,227,0.467,21,79,0.266,64,93,0.688,66,241,307,78,33,24,73,102,297,516,1.07,0.45
1626172,276,Kevon Looney,1610612744,GSW,60,943,124,244,0.508,0,3,0.0,47,82,0.573,161,232,393,103,40,28,36,134,295,668,2.86,1.11
203083,277,Andre Drummond,1610612755,PHI,40,751,117,234,0.5,3,20,0.15,56,90,0.622,109,201,310,34,39,18,55,94,293,488,0.62,0.71
1641763,277,Julian Phillips,1610612741,CHI,64,892,101,228,0.443,40,122,0.328,51,67,0.761,59,77,136,30,27,18,24,86,293,337,1.25,1.13
1630249,277,Vít Krejčí,1610612737,ATL,42,860,104,229,0.454,63,158,0.399,22,33,0.667,15,96,111,111,29,21,40,79,293,389,2.77,0.72
1641726,280,Dereck Lively II,1610612742,DAL,32,768,124,177,0.701,0,0,0.0,44,69,0.638,99,152,251,84,17,54,39,94,292,581,2.15,0.44
1630526,280,Jeremiah Robinson-Earl,1610612740,NOP,51,887,110,243,0.453,39,115,0.339,33,40,0.825,79,145,224,58,29,7,31,59,292,439,1.87,0.94
1629003,282,Shake Milton,1610612747,LAL,49,743,105,223,0.471,37,99,0.374,41,51,0.804,25,67,92,94,22,3,35,58,288,336,2.69,0.63
1630173,283,Precious Achiuwa,1610612752,NYK,42,906,120,231,0.519,9,30,0.3,32,51,0.627,86,162,248,44,35,32,31,63,281,479,1.42,1.13
1627936,284,Alex Caruso,1610612760,OKC,42,801,104,237,0.439,48,136,0.353,19,23,0.826,29,84,113,105,69,22,28,77,275,419,3.75,2.46
1631204,284,Marcus Sasser,1610612765,DET,48,639,103,222,0.464,43,117,0.368,26,31,0.839,14,39,53,106,29,4,41,61,275,302,2.58,0.71
1629659,286,Talen Horton-Tucker,1610612741,CHI,48,544,98,219,0.447,35,95,0.368,38,55,0.691,15,68,83,64,16,10,33,48,269,271,1.94,0.48
203995,286,Vasilije Micić,1610612756,PHX,37,766,95,273,0.348,45,125,0.36,34,41,0.829,20,67,87,127,15,0,74,44,269,239,1.72,0.2
1628988,288,Aaron Holiday,1610612745,HOU,50,641,92,214,0.43,53,138,0.384,30,36,0.833,10,55,65,66,17,7,31,56,267,263,2.13,0.55
1628366,288,Lonzo Ball,1610612741,CHI,35,777,89,243,0.366,67,195,0.344,22,27,0.815,25,93,118,115,47,17,41,55,267,364,2.81,1.15
201569,290,Eric Gordon,1610612755,PHI,39,769,87,204,0.426,56,137,0.409,36,48,0.75,8,38,46,65,26,12,28,32,266,258,2.32,0.93
1630200,290,Tre Jones,1610612741,CHI,42,773,101,198,0.51,15,42,0.357,49,60,0.817,28,72,100,158,32,9,29,48,266,428,5.45,1.1
1642348,292,Justin Edwards,1610612755,PHI,32,777,101,226,0.447,44,127,0.346,19,27,0.704,31,66,97,45,26,10,29,73,265,281,1.55,0.9
1629674,292,Neemias Queta,1610612738,BOS,52,754,113,176,0.642,0,3,0.0,39,53,0.736,77,128,205,34,15,35,36,97,265,441,0.94,0.42
203482,294,Kelly Olynyk,1610612740,NOP,33,611,91,187,0.487,26,63,0.413,55,71,0.775,43,111,154,87,21,13,51,85,263,375,1.71,0.41
203935,294,Marcus Smart,1610612764,WAS,28,578,87,221,0.394,42,123,0.341,47,59,0.797,17,44,61,97,32,7,47,49,263,267,2.06,0.68
1642367,296,Jonathan Mogbo,1610612761,TOR,49,877,101,224,0.451,14,47,0.298,45,64,0.703,77,125,202,80,38,25,44,102,261,420,1.82,0.86
1642419,297,Jamison Battle,1610612761,TOR,44,622,92,208,0.442,63,155,0.406,12,14,0.857,28,69,97,34,6,8,16,55,259,270,2.13,0.38
1629637,298,Jaxson Hayes,1610612747,LAL,40,766,105,147,0.714,0,2,0.0,47,64,0.734,56,126,182,42,22,41,31,93,257,454,1.35,0.71
1630570,299,Trendon Watford,1610612751,BKN,29,529,92,208,0.442,17,57,0.298,55,69,0.797,23,76,99,64,19,7,48,64,256,267,1.33,0.4
201587,300,Nicolas Batum,1610612746,LAC,65,1176,84,205,0.41,70,172,0.407,15,18,0.833,42,141,183,75,44,31,28,93,253,434,2.68,1.57
1629004,300,Svi Mykhailiuk,1610612762,UTA,27,538,90,232,0.388,54,159,0.34,19,24,0.792,15,50,65,52,16,6,41,33,253,204,1.27,0.39
1642275,302,Tidjane Salaun,1610612766,CHA,48,915,81,254,0.319,44,152,0.289,46,64,0.719,56,146,202,52,26,12,44,58,252,309,1.18,0.59
1629731,303,Dean Wade,1610612739,CLE,46,994,88,218,0.404,61,179,0.341,13,25,0.52,43,169,212,65,34,17,18,85,250,418,3.61,1.89
1629234,303,Drew Eubanks,1610612746,LAC,49,673,103,174,0.592,3,6,0.5,41,63,0.651,51,144,195,49,11,35,35,55,250,412,1.4,0.31
1627732,305,Ben Simmons,1610612746,LAC,39,948,108,198,0.545,0,0,0.0,24,33,0.727,36,164,200,258,35,19,90,92,240,563,2.87,0.39
1630231,306,KJ Martin,1610612762,UTA,37,785,96,166,0.578,14,44,0.318,33,43,0.767,29,84,113,36,16,22,22,91,239,324,1.64,0.73
203937,307,Kyle Anderson,1610612748,MIA,48,699,93,210,0.443,21,57,0.368,31,45,0.689,41,108,149,104,30,24,26,57,238,388,4.0,1.15
1631133,308,Jabari Walker,1610612757,POR,50,591,89,176,0.506,23,60,0.383,34,52,0.654,48,127,175,32,28,6,24,73,235,347,1.33,1.17
1642366,308,Quinten Post,1610612744,GSW,28,456,86,189,0.455,48,115,0.417,15,19,0.789,28,82,110,41,12,14,23,58,235,282,1.78,0.52
1631207,310,Dalen Terry,1610612741,CHI,59,734,85,188,0.452,22,69,0.319,40,59,0.678,30,54,84,70,28,13,38,84,232,267,1.84,0.74
202692,311,Alec Burks,1610612748,MIA,36,638,72,177,0.407,54,129,0.419,31,41,0.756,13,84,97,41,22,6,16,26,229,264,2.56,1.38
1630171,312,Isaac Okoro,1610612739,CLE,40,773,83,187,0.444,41,109,0.376,21,31,0.677,36,56,92,55,23,15,18,79,228,281,3.06,1.28
1641724,312,Jett Howard,1610612753,ORL,55,618,82,230,0.357,49,166,0.295,15,20,0.75,20,45,65,41,13,10,27,57,228,177,1.52,0.48
1630322,314,Lindy Waters III,1610612765,DET,45,687,82,219,0.374,54,161,0.335,8,11,0.727,17,80,97,44,24,10,19,58,226,242,2.32,1.26
1629626,315,Bol Bol,1610612756,PHX,31,421,88,173,0.509,29,88,0.33,20,26,0.769,19,82,101,19,8,24,18,20,225,268,1.06,0.44
1631200,316,Kris Murray,1610612757,POR,55,757,91,202,0.45,21,82,0.256,18,44,0.409,56,68,124,46,27,12,30,47,221,263,1.53,0.9
1629006,317,Josh Okogie,1610612766,CHA,32,499,79,167,0.473,25,65,0.385,37,51,0.725,41,55,96,24,40,15,25,39,220,268,0.96,1.6
1642349,318,Ajay Mitchell,1610612760,OKC,34,561,84,166,0.506,22,51,0.431,28,33,0.848,17,50,67,57,24,3,28,59,218,254,2.04,0.86
1628971,319,Bruce Brown,1610612740,NOP,30,621,81,205,0.395,14,54,0.259,39,46,0.848,28,82,110,54,28,4,30,47,215,250,1.8,0.93
1642265,320,Rob Dillingham,1610612750,MIN,41,486,89,200,0.445,25,70,0.357,8,15,0.533,12,36,48,94,18,1,50,36,211,204,1.88,0.36
1630572,320,Sandro Mamukelashvili,1610612759,SAS,44,385,76,151,0.503,34,90,0.378,25,35,0.714,29,74,103,25,16,13,14,36,211,269,1.79,1.14
1641748,322,Andre Jackson Jr.,1610612749,MIL,57,903,85,182,0.467,29,73,0.397,10,18,0.556,59,109,168,76,31,13,52,106,209,340,1.46,0.6
1630529,323,Herbert Jones,1610612740,NOP,20,648,75,172,0.436,22,72,0.306,33,40,0.825,22,56,78,65,37,9,35,66,205,255,1.86,1.06
1626204,324,Larry Nance Jr.,1610612737,ATL,24,463,80,155,0.516,34,76,0.447,9,13,0.692,23,80,103,38,20,13,16,37,203,282,2.38,1.25
1631157,325,Ryan Rollins,1610612749,MIL,41,493,78,169,0.462,26,72,0.361,20,24,0.833,17,50,67,51,28,13,35,55,202,231,1.46,0.8
1641765,326,Olivier-Maxence Prosper,1610612742,DAL,52,584,70,174,0.402,12,51,0.235,49,76,0.645,44,82,126,40,26,6,14,28,201,254,2.86,1.86
1626158,326,Richaun Holmes,1610612764,WAS,26,470,79,119,0.664,0,3,0.0,43,52,0.827,51,102,153,39,7,20,20,42,201,351,1.95,0.35
1642262,328,Cody Williams,1610612762,UTA,42,869,70,202,0.347,31,102,0.304,29,38,0.763,26,76,102,51,20,14,38,76,200,208,1.34,0.53
1641787,329,Tosan Evbuomwan,1610612751,BKN,21,501,71,164,0.433,16,55,0.291,40,53,0.755,25,60,85,33,16,7,31,39,198,202,1.06,0.52
1628420,330,Monté Morris,1610612756,PHX,40,522,69,171,0.404,22,73,0.301,34,40,0.85,10,47,57,66,17,3,17,21,194,212,3.88,1.0
1641713,331,GG Jackson,1610612763,MEM,24,398,68,172,0.395,29,85,0.341,26,36,0.722,24,55,79,26,9,5,28,26,191,168,0.93,0.32
1631119,332,Jaylin Williams,1610612760,OKC,36,586,68,167,0.407,41,118,0.347,12,15,0.8,40,154,194,86,16,23,24,58,189,382,3.58,0.67
1630288,333,Jeff Dowtin Jr.,1610612755,PHI,34,451,75,155,0.484,19,48,0.396,19,27,0.704,9,39,48,59,15,6,6,20,188,222,9.83,2.5
1641737,334,Adem Bona,1610612755,PHI,47,585,71,104,0.683,0,0,0.0,45,66,0.682,60,95,155,16,14,41,34,91,187,325,0.47,0.41
1630611,335,Gui Santos,1610612744,GSW,41,567,66,137,0.482,28,77,0.364,24,33,0.727,50,77,127,60,18,8,31,72,184,286,1.94,0.58
1630544,336,Tre Mann,1610612766,CHA,13,319,70,161,0.435,24,60,0.4,19,21,0.905,12,26,38,39,7,4,25,24,183,153,1.56,0.28
1631115,337,Orlando Robinson,1610612761,TOR,32,490,66,152,0.434,8,28,0.286,41,52,0.788,56,83,139,51,14,13,31,56,181,270,1.65,0.45
1631255,338,Karlo Matković,1610612740,NOP,29,509,71,130,0.546,13,38,0.342,23,29,0.793,45,87,132,28,13,32,27,68,178,291,1.04,0.48
1630314,339,Brandon Williams,1610612742,DAL,25,318,64,122,0.525,19,47,0.404,30,36,0.833,4,34,38,50,14,2,20,20,177,197,2.5,0.7
1642263,340,Reed Sheppard,1610612745,HOU,45,536,65,196,0.332,31,111,0.279,13,16,0.813,16,47,63,54,28,15,28,42,174,172,1.93,1.0
1629610,341,DaQuan Jeffries,1610612766,CHA,31,635,65,163,0.399,29,96,0.302,14,17,0.824,25,56,81,33,18,15,20,67,173,199,1.65,0.9
1641796,342,Pelle Larsson,1610612748,MIA,43,561,61,138,0.442,22,69,0.319,28,41,0.683,17,44,61,40,18,4,15,75,172,190,2.67,1.2
203500,343,Steven Adams,1610612745,HOU,47,596,68,130,0.523,0,1,0.0,33,74,0.446,129,120,249,57,16,21,42,45,169,367,1.36,0.38
1629684,344,Grant Williams,1610612766,CHA,16,479,54,123,0.439,27,74,0.365,31,37,0.838,18,64,82,37,18,13,28,46,166,213,1.32,0.64
203957,345,Danté Exum,1610612742,DAL,18,344,60,125,0.48,21,47,0.447,23,31,0.742,4,26,30,50,12,3,19,31,164,167,2.63,0.63
1642354,345,KJ Simpson,1610612766,CHA,23,470,59,176,0.335,16,74,0.216,30,37,0.811,28,38,66,60,19,4,32,35,164,157,1.88,0.59
1628464,347,Daniel Theis,1610612740,NOP,38,621,61,129,0.473,9,37,0.243,31,37,0.838,44,120,164,60,18,20,25,70,162,325,2.4,0.72
1642345,347,Oso Ighodaro,1610612756,PHX,46,670,70,117,0.598,0,2,0.0,22,40,0.55,38,108,146,42,19,20,27,69,162,297,1.56,0.7
1629646,349,Charles Bassey,1610612759,SAS,34,363,68,116,0.586,0,0,0.0,21,33,0.636,56,95,151,17,14,29,23,47,157,285,0.74,0.61
1630556,350,Kessler Edwards,1610612742,DAL,37,542,62,127,0.488,18,48,0.375,12,13,0.923,22,80,102,40,18,19,14,52,154,253,2.86,1.29
201599,351,DeAndre Jordan,1610612743,DEN,46,528,69,106,0.651,0,0,0.0,15,37,0.405,64,150,214,36,12,20,33,56,153,343,1.09,0.36
1630256,351,Jae'Sean Tate,1610612745,HOU,45,489,57,127,0.449,10,34,0.294,29,43,0.674,40,58,98,38,24,4,19,71,153,214,2.0,1.26
1630194,351,Paul Reed,1610612765,DET,37,340,60,112,0.536,6,21,0.286,27,34,0.794,33,62,95,35,34,19,18,56,153,259,1.94,1.89
1630811,354,Keaton Wallace,1610612737,ATL,28,454,57,138,0.413,26,73,0.356,11,11,1.0,7,31,38,62,22,8,29,36,151,171,2.14,0.76
1641757,355,Jordan Miller,1610612746,LAC,34,411,57,131,0.435,8,37,0.216,26,33,0.788,23,35,58,34,17,5,24,25,148,157,1.42,0.71
1631103,355,Malaki Branham,1610612759,SAS,38,311,53,121,0.438,24,59,0.407,18,22,0.818,3,35,38,27,8,2,29,17,148,122,0.93,0.28
1630538,357,Bones Hyland,1610612750,MIN,20,222,45,115,0.391,31,80,0.388,23,26,0.885,5,19,24,28,18,4,24,26,144,121,1.17,0.75
1631216,357,Caleb Houstan,1610612753,ORL,44,515,46,127,0.362,39,110,0.355,13,14,0.929,13,29,42,18,12,3,5,44,144,132,3.6,2.4
1630192,359,Zeke Nnaji,1610612743,DEN,46,466,57,109,0.523,12,37,0.324,17,29,0.586,29,46,75,14,15,28,10,50,143,201,1.4,1.5
1631172,360,Ousmane Dieng,1610612760,OKC,36,403,54,124,0.435,23,71,0.324,11,16,0.688,18,63,81,31,17,7,18,32,142,185,1.72,0.94
1631223,361,David Roddy,1610612745,HOU,30,375,52,112,0.464,18,54,0.333,18,22,0.818,13,66,79,33,14,8,21,19,140,189,1.57,0.67
1629111,362,Jock Landale,1610612745,HOU,35,377,53,113,0.469,6,16,0.375,24,35,0.686,44,64,108,27,7,9,16,38,136,200,1.69,0.44
202704,362,Reggie Jackson,1610612755,PHI,31,384,52,133,0.391,25,74,0.338,7,9,0.778,8,34,42,45,16,3,17,34,136,142,2.65,0.94
1630545,364,Terrence Shannon Jr.,1610612750,MIN,27,303,53,108,0.491,11,30,0.367,17,21,0.81,10,32,42,28,6,5,14,23,134,142,2.0,0.43
200768,365,Kyle Lowry,1610612755,PHI,33,623,39,111,0.351,28,83,0.337,27,33,0.818,11,54,65,93,31,10,20,61,133,234,4.65,1.55
1626192,365,Pat Connaughton,1610612749,MIL,31,459,50,116,0.431,20,62,0.323,13,17,0.765,17,65,82,51,6,9,19,33,133,192,2.68,0.32
1641810,367,Antonio Reeves,1610612740,NOP,30,317,49,116,0.422,22,62,0.355,11,13,0.846,13,22,35,23,10,2,12,15,131,120,1.92,0.83
1629013,367,Landry Shamet,1610612752,NYK,33,397,52,107,0.486,22,61,0.361,5,9,0.556,5,25,30,17,15,2,13,29,131,123,1.31,1.15
1630695,369,Micah Potter,1610612762,UTA,30,522,45,104,0.433,28,77,0.364,12,14,0.857,33,89,122,23,10,11,22,39,130,213,1.04,0.46
1628964,369,Mo Bamba,1610612740,NOP,30,393,49,108,0.454,15,53,0.283,17,25,0.68,29,106,135,17,9,30,19,53,130,235,0.9,0.47
201145,371,Jeff Green,1610612745,HOU,25,309,47,93,0.505,20,58,0.345,15,18,0.833,8,37,45,11,5,4,7,25,129,138,1.57,0.71
1641774,372,Tristan Vukcevic,1610612764,WAS,21,210,46,97,0.474,15,49,0.306,21,27,0.778,14,46,60,18,6,8,16,28,128,147,1.13,0.38
1641854,373,Craig Porter Jr.,1610612739,CLE,42,370,50,92,0.543,15,33,0.455,11,15,0.733,11,37,48,56,13,13,25,16,126,185,2.24,0.52
1642281,374,Jaylon Tyson,1610612739,CLE,41,370,47,106,0.443,14,42,0.333,16,20,0.8,31,49,80,38,9,2,19,43,124,171,2.0,0.47
1631104,375,Blake Wesley,1610612759,SAS,41,353,47,100,0.47,7,28,0.25,21,31,0.677,7,22,29,73,17,3,32,22,122,149,2.28,0.53
201567,375,Kevin Love,1610612748,MIA,22,246,41,115,0.357,24,67,0.358,16,23,0.696,22,72,94,22,15,4,14,20,122,162,1.57,1.07
1631243,377,Mouhamed Gueye,1610612737,ATL,19,303,46,105,0.438,14,52,0.269,15,19,0.789,16,48,64,14,19,21,9,30,121,167,1.56,2.11
1630243,377,Trevelin Queen,1610612753,ORL,28,386,45,128,0.352,16,66,0.242,15,17,0.882,22,23,45,33,27,10,21,37,121,130,1.57,1.29
1631209,379,Isaiah Wong,1610612766,CHA,20,266,41,105,0.39,13,33,0.394,25,34,0.735,14,18,32,28,11,0,18,21,120,100,1.56,0.61
1630568,380,Luka Garza,1610612750,MIN,32,192,44,93,0.473,8,33,0.242,21,31,0.677,31,20,51,8,6,3,10,27,117,116,0.8,0.6
1629618,381,Jalen Pickett,1610612743,DEN,34,377,46,104,0.442,22,57,0.386,2,2,1.0,6,32,38,58,10,3,14,21,116,153,4.14,0.71
1629057,381,Robert Williams III,1610612757,POR,20,351,50,78,0.641,1,3,0.333,15,17,0.882,35,83,118,21,13,33,17,31,116,254,1.24,0.77
1630639,383,A.J. Lawson,1610612761,TOR,12,208,38,91,0.418,20,53,0.377,19,30,0.633,10,25,35,8,3,2,6,21,115,93,1.33,0.5
1631246,384,Vince Williams Jr.,1610612763,MEM,16,296,43,106,0.406,15,56,0.268,13,18,0.722,15,43,58,33,10,3,22,30,114,128,1.5,0.46
1642403,385,Isaac Jones,1610612758,SAC,30,252,45,67,0.672,2,6,0.333,21,34,0.618,17,28,45,10,4,8,13,27,113,132,0.77,0.31
203926,386,Doug McDermott,1610612758,SAC,36,286,38,91,0.418,33,78,0.423,3,5,0.6,2,16,18,4,4,2,6,27,112,79,0.67,0.67
1628975,387,Jevon Carter,1610612741,CHI,30,228,39,97,0.402,25,70,0.357,8,10,0.8,2,26,28,31,9,2,9,11,111,112,3.44,1.0
1641871,388,Duop Reath,1610612757,POR,35,278,38,98,0.388,21,72,0.292,12,14,0.857,17,32,49,16,8,10,10,22,109,120,1.6,0.8
1641740,388,Jaylen Clark,1610612750,MIN,26,373,39,87,0.448,17,41,0.415,14,18,0.778,17,14,31,15,25,1,4,45,109,125,3.75,6.25
1631245,388,Quenton Jackson,1610612754,IND,21,283,42,88,0.477,10,28,0.357,15,21,0.714,11,21,32,40,12,5,14,33,109,132,2.86,0.86
1628963,391,Marvin Bagley III,1610612763,MEM,23,210,42,81,0.519,3,14,0.214,18,27,0.667,30,34,64,7,7,7,11,14,105,131,0.64,0.64
1629629,392,Cam Reddish,1610612747,LAL,32,567,37,88,0.42,13,46,0.283,16,26,0.615,15,47,62,22,31,10,12,43,103,155,1.83,2.58
203914,392,Gary Harris,1610612753,ORL,34,524,36,99,0.364,25,76,0.329,6,10,0.6,16,26,42,19,19,10,12,33,103,114,1.58,1.58
1628467,392,Maxi Kleber,1610612747,LAL,34,637,37,96,0.385,13,49,0.265,16,21,0.762,25,70,95,43,9,17,23,66,103,180,1.87,0.39
1630579,395,Jericho Sims,1610612749,MIL,51,608,45,69,0.652,0,0,0.0,8,13,0.615,68,124,192,31,10,18,32,63,98,288,0.97,0.31
1631111,395,Wendell Moore Jr.,1610612766,CHA,28,334,37,83,0.446,9,24,0.375,15,17,0.882,22,44,66,29,12,4,15,22,98,146,1.93,0.8
202709,397,Cory Joseph,1610612753,ORL,37,336,34,87,0.391,20,57,0.351,6,9,0.667,8,28,36,37,13,4,12,28,94,116,3.08,1.08
1629020,397,Jarred Vanderbilt,1610612747,LAL,21,364,37,73,0.507,9,26,0.346,11,23,0.478,40,76,116,30,23,6,14,39,94,207,2.14,1.64
1641816,399,Hunter Tyson,1610612743,DEN,43,316,30,79,0.38,17,53,0.321,16,23,0.696,14,46,60,14,6,5,13,37,93,109,1.08,0.46
1642269,400,Devin Carter,1610612758,SAC,23,221,30,78,0.385,12,39,0.308,20,30,0.667,12,40,52,27,6,3,11,20,92,111,2.46,0.55
1628470,401,Torrey Craig,1610612738,BOS,17,191,32,67,0.478,21,50,0.42,6,8,0.75,18,22,40,8,3,6,2,24,91,109,4.0,1.5
203939,402,Dwight Powell,1610612742,DAL,43,400,33,45,0.733,1,2,0.5,23,37,0.622,39,56,95,39,13,21,14,57,90,218,2.79,0.93
1631288,403,Jamal Cain,1610612740,NOP,27,308,30,77,0.39,14,45,0.311,15,24,0.625,20,35,55,16,13,7,12,28,89,112,1.33,1.08
1641712,403,Rayan Rupert,1610612757,POR,41,307,32,82,0.39,10,37,0.27,15,20,0.75,21,25,46,18,8,2,19,24,89,89,0.95,0.42
1630696,405,Dru Smith,1610612748,MIA,14,268,31,61,0.508,16,30,0.533,9,12,0.75,12,24,36,23,21,6,17,30,87,123,1.35,1.24
1641794,406,Dillon Jones,1610612760,OKC,39,353,32,94,0.34,10,49,0.204,11,20,0.55,23,54,77,38,8,3,15,37,85,125,2.53,0.53
1631169,406,Josh Minott,1610612750,MIN,38,237,33,76,0.434,8,34,0.235,11,13,0.846,10,30,40,14,13,12,10,28,85,109,1.4,1.3
201988,408,Patty Mills,1610612746,LAC,24,290,29,85,0.341,20,66,0.303,6,7,0.857,3,18,21,25,13,3,17,18,84,72,1.47,0.77
1641998,408,Trey Jemison III,1610612747,LAL,31,338,36,67,0.537,0,0,0.0,12,31,0.387,36,51,87,14,8,14,17,63,84,140,0.82,0.47
1629723,410,John Konchar,1610612763,MEM,35,430,31,73,0.425,16,50,0.32,5,6,0.833,29,85,114,32,16,12,14,27,83,200,2.29,1.14
1630692,411,Jordan Goodwin,1610612747,LAL,12,234,33,64,0.516,14,29,0.483,2,3,0.667,19,32,51,13,13,4,10,20,82,121,1.3,1.3
1630539,411,Kai Jones,1610612742,DAL,29,242,35,46,0.761,0,2,0.0,12,16,0.75,17,37,54,10,6,14,11,25,82,140,0.91,0.55
1629022,411,Lonnie Walker IV,1610612755,PHI,10,192,28,80,0.35,16,49,0.327,10,12,0.833,4,29,33,19,4,3,11,7,82,76,1.73,0.36
1630311,414,Pat Spencer,1610612744,GSW,31,208,34,87,0.391,2,17,0.118,11,15,0.733,15,27,42,38,11,3,15,18,81,103,2.53,0.73
1641878,415,Damion Baugh,1610612766,CHA,10,254,31,89,0.348,9,41,0.22,9,11,0.818,7,18,25,38,13,1,18,16,80,79,2.11,0.72
1631098,415,Johnny Davis,1610612764,WAS,34,242,32,78,0.41,7,29,0.241,9,15,0.6,10,28,38,11,15,6,7,18,80,91,1.57,2.14
201959,415,Taj Gibson,1610612766,CHA,27,306,34,70,0.486,1,2,0.5,11,16,0.688,41,55,96,16,8,12,20,43,80,151,0.8,0.4
1631230,418,Dominick Barlow,1610612737,ATL,21,187,31,63,0.492,5,17,0.294,11,17,0.647,10,27,37,6,6,8,2,17,78,95,3.0,3.0
202687,419,Bismack Biyombo,1610612759,SAS,14,250,36,52,0.692,0,0,0.0,5,15,0.333,22,50,72,17,11,13,14,25,77,150,1.21,0.79
1630264,420,Anthony Gill,1610612764,WAS,42,234,25,49,0.51,7,19,0.368,19,31,0.613,7,28,35,10,6,2,6,19,76,87,1.67,1.0
1629650,420,Moses Brown,1610612742,DAL,13,119,34,49,0.694,0,0,0.0,8,11,0.727,12,32,44,2,6,4,11,17,76,103,0.18,0.55
1631132,422,Christian Koloko,1610612747,LAL,31,280,33,53,0.623,0,3,0.0,7,8,0.875,30,41,71,15,7,11,9,38,73,147,1.67,0.78
1626153,423,Delon Wright,1610612752,NYK,30,423,24,85,0.282,13,51,0.255,11,20,0.55,16,33,49,50,24,10,15,17,72,120,3.33,1.6
1630531,423,Jaden Springer,1610612762,UTA,33,224,21,53,0.396,9,28,0.321,21,31,0.677,7,25,32,22,17,3,10,27,72,94,2.2,1.7
1631197,425,Jared Rhoden,1610612761,TOR,10,159,24,60,0.4,8,28,0.286,15,18,0.833,11,19,30,8,7,2,7,13,71,72,1.14,1.0
1629162,426,Jordan McLaughlin,1610612759,SAS,36,217,21,50,0.42,13,30,0.433,14,19,0.737,4,19,23,34,12,0,12,14,69,92,2.83,1.0
1641775,427,Jordan Walsh,1610612738,BOS,43,347,24,65,0.369,13,44,0.295,7,12,0.583,19,36,55,16,10,9,11,27,68,101,1.46,0.91
1629669,428,Jaylen Nowell,1610612740,NOP,8,168,26,73,0.356,8,27,0.296,7,11,0.636,6,14,20,18,1,4,8,9,67,51,2.25,0.13
1630699,428,MarJon Beauchamp,1610612752,NYK,30,144,23,57,0.404,10,26,0.385,11,16,0.688,9,28,37,10,3,1,15,13,67,64,0.67,0.2
1642277,430,Johnny Furphy,1610612754,IND,41,273,23,63,0.365,11,36,0.306,9,9,1.0,17,31,48,10,14,8,9,29,66,97,1.11,1.56
1641738,430,Kobe Brown,1610612746,LAC,31,220,29,62,0.468,4,21,0.19,4,5,0.8,18,37,55,19,5,3,8,18,66,106,2.38,0.63
1629001,432,De'Anthony Melton,1610612751,BKN,6,121,22,54,0.407,13,35,0.371,5,8,0.625,6,14,20,17,7,2,10,18,62,63,1.7,0.7
1642285,433,Cam Spencer,1610612763,MEM,14,154,19,44,0.432,10,27,0.37,13,13,1.0,7,13,20,19,6,1,5,17,61,77,3.8,1.2
1631221,433,Collin Gillespie,1610612756,PHX,18,121,21,42,0.5,9,18,0.5,10,11,0.909,8,12,20,24,4,2,5,12,61,84,4.8,0.8
203458,435,Alex Len,1610612747,LAL,43,342,26,52,0.5,1,6,0.167,7,13,0.538,34,49,83,36,8,20,13,46,60,162,2.77,0.61
1628981,436,Bruno Fernando,1610612761,TOR,17,147,26,49,0.531,0,0,0.0,6,8,0.75,21,30,51,18,4,9,14,27,58,101,1.29,0.29
1627814,436,Damion Lee,1610612756,PHX,17,103,18,53,0.34,6,27,0.222,16,17,0.941,2,12,14,8,4,0,7,5,58,41,1.14,0.57
1642382,438,Branden Carlson,1610612760,OKC,20,121,19,43,0.442,14,34,0.412,4,4,1.0,5,24,29,7,2,8,3,13,56,75,2.33,0.67
1641736,439,Reece Beekman,1610612751,BKN,29,318,22,75,0.293,5,30,0.167,6,11,0.545,6,17,23,37,19,2,16,21,55,62,2.31,1.19
1630165,440,Killian Hayes,1610612751,BKN,6,162,18,43,0.419,8,21,0.381,10,12,0.833,5,13,18,31,4,4,9,13,54,75,3.44,0.44
203901,441,Elfrid Payton,1610612766,CHA,13,267,26,67,0.388,0,1,0.0,1,2,0.5,6,31,37,68,16,6,27,22,53,111,2.52,0.59
1641723,441,Kobe Bufkin,1610612737,ATL,10,124,18,47,0.383,4,19,0.211,13,18,0.722,5,16,21,17,3,2,8,9,53,54,2.13,0.38
1642278,441,Tyler Kolek,1610612752,NYK,30,152,18,49,0.367,11,30,0.367,6,6,1.0,2,13,15,22,7,1,9,13,53,58,2.44,0.78
203967,444,Dario Šarić,1610612743,DEN,15,203,19,56,0.339,7,26,0.269,7,10,0.7,14,35,49,22,7,1,14,18,52,77,1.57,0.5
202684,445,Tristan Thompson,1610612739,CLE,34,241,23,53,0.434,0,3,0.0,5,22,0.227,22,70,92,21,1,8,11,27,51,115,1.91,0.09
1630658,446,Colin Castleton,1610612761,TOR,15,185,17,37,0.459,1,6,0.167,14,16,0.875,18,34,52,12,3,6,10,23,49,90,1.2,0.3
1630574,447,Ariel Hukporti,1610612752,NYK,25,217,21,31,0.677,0,0,0.0,6,13,0.462,14,37,51,11,1,15,21,32,48,88,0.52,0.05
1631116,448,Patrick Baldwin Jr.,1610612746,LAC,22,101,17,33,0.515,11,21,0.524,2,4,0.5,5,17,22,2,3,2,5,5,47,53,0.4,0.6
1641890,449,Tyler Smith,1610612749,MIL,17,83,17,36,0.472,8,20,0.4,2,4,0.5,4,16,20,4,2,3,6,8,44,46,0.67,0.33
1641809,450,Drew Peterson,1610612738,BOS,18,149,13,29,0.448,9,23,0.391,6,7,0.857,5,25,30,13,4,2,6,13,41,67,2.17,0.67
1641727,451,Dariq Whitehead,1610612751,BKN,10,59,13,27,0.481,12,23,0.522,1,3,0.333,1,5,6,1,3,1,6,2,39,28,0.17,0.5
1631466,451,Nate Williams,1610612745,HOU,14,86,16,38,0.421,4,17,0.235,3,4,0.75,1,6,7,5,5,4,9,10,39,28,0.56,0.56
1631131,451,Oscar Tshiebwe,1610612762,UTA,7,100,15,23,0.652,0,0,0.0,9,12,0.75,16,36,52,3,6,0,2,14,39,87,1.5,3.0
1630537,454,Chris Duarte,1610612741,CHI,17,74,12,26,0.462,6,15,0.4,6,8,0.75,5,15,20,9,0,0,1,7,36,48,9.0,0.0
1630543,455,Isaiah Jackson,1610612754,IND,5,84,14,23,0.609,0,0,0.0,7,14,0.5,11,17,28,5,3,8,5,14,35,58,1.0,0.6
1641745,456,Adam Flagler,1610612760,OKC,25,103,13,57,0.228,8,46,0.174,0,0,0.0,3,6,9,0,5,2,1,10,34,5,0.0,5.0
202693,456,Markieff Morris,1610612747,LAL,12,97,12,47,0.255,7,26,0.269,3,4,0.75,2,13,15,12,1,1,3,10,34,24,4.0,0.33
1642358,458,AJ Johnson,1610612764,WAS,12,97,13,35,0.371,4,14,0.286,3,4,0.75,1,11,12,18,2,0,5,6,33,37,3.6,0.4
1641989,459,Elijah Harkless,1610612762,UTA,10,138,11,35,0.314,7,25,0.28,3,6,0.5,9,12,21,8,10,1,3,18,32,42,2.67,3.33
1642402,459,Enrique Freeman,1610612754,IND,19,139,12,25,0.48,1,6,0.167,7,13,0.538,6,13,19,8,2,2,5,18,32,39,1.6,0.4
1626196,459,Josh Richardson,1610612748,MIA,8,149,11,38,0.289,6,22,0.273,4,4,1.0,6,6,12,12,8,1,8,17,32,30,1.5,1.0
1630550,462,JT Thor,1610612764,WAS,10,51,10,18,0.556,4,8,0.5,7,8,0.875,6,5,11,1,2,3,6,7,31,33,0.17,0.33
1630205,462,Lamar Stevens,1610612763,MEM,7,75,10,24,0.417,5,13,0.385,6,8,0.75,2,21,23,4,3,2,3,8,31,44,1.33,1.0
1631248,464,Baylor Scheierman,1610612738,BOS,18,143,10,37,0.27,5,25,0.2,5,6,0.833,5,20,25,13,5,0,2,10,30,43,6.5,2.5
1642355,464,Bronny James,1610612747,LAL,19,92,9,36,0.25,4,20,0.2,8,11,0.727,3,7,10,8,5,2,6,6,30,19,1.33,0.83
1630214,464,Xavier Tillman,1610612738,BOS,29,207,12,46,0.261,5,27,0.185,1,2,0.5,9,29,38,7,9,5,12,16,30,42,0.58,0.75
1628995,467,Kevin Knox II,1610612744,GSW,7,51,11,24,0.458,3,11,0.273,3,4,0.75,6,5,11,4,1,4,1,5,28,33,4.0,1.0
1630346,467,Matt Ryan,1610612752,NYK,19,68,10,31,0.323,6,19,0.316,2,2,1.0,0,8,8,3,2,0,3,1,28,17,1.0,0.67
1631102,467,TyTy Washington Jr.,1610612756,PHX,12,97,11,37,0.297,3,18,0.167,3,4,0.75,4,8,12,12,3,0,3,3,28,25,4.0,1.0
1642024,470,Alex Reese,1610612755,PHI,7,85,10,22,0.455,3,14,0.214,3,5,0.6,6,16,22,1,6,8,4,9,26,45,0.25,1.5
1641732,470,Colby Jones,1610612764,WAS,25,132,11,26,0.423,4,10,0.4,0,0,0.0,8,15,23,7,6,7,7,13,26,47,1.0,0.86
1628365,470,Markelle Fultz,1610612758,SAC,11,81,12,31,0.387,1,4,0.25,1,1,1.0,2,5,7,9,5,1,10,5,26,19,0.9,0.5
1629011,470,Mitchell Robinson,1610612752,NYK,6,89,11,16,0.688,0,0,0.0,4,5,0.8,14,11,25,3,7,3,5,12,26,53,0.6,1.4
1642359,470,Pacome Dadiet,1610612752,NYK,14,95,9,27,0.333,6,17,0.353,2,3,0.667,0,14,14,5,3,2,2,5,26,29,2.5,1.5
202066,475,Garrett Temple,1610612761,TOR,21,127,7,28,0.25,4,13,0.308,7,8,0.875,5,14,19,24,11,2,8,18,25,51,3.0,1.38
1641721,475,Maxwell Lewis,1610612751,BKN,14,68,10,20,0.5,5,7,0.714,0,0,0.0,4,8,12,4,1,1,3,8,25,30,1.33,0.33
1631342,477,Daeqwon Plowden,1610612737,ATL,2,33,8,10,0.8,6,8,0.75,2,2,1.0,3,2,5,0,0,0,1,5,24,26,0.0,0.0
1641789,477,Jazian Gortman,1610612742,DAL,16,57,9,23,0.391,4,11,0.364,2,4,0.5,1,4,5,6,2,1,5,9,24,17,1.2,0.4
1630283,477,Kylor Kelley,1610612742,DAL,8,67,10,13,0.769,0,0,0.0,4,6,0.667,8,13,21,2,0,2,1,8,24,43,2.0,0.0
1642530,477,Yuki Kawamura,1610612763,MEM,20,63,8,22,0.364,4,16,0.25,4,6,0.667,0,7,7,14,1,0,4,7,24,26,3.5,0.25
1642505,481,Alex Ducas,1610612760,OKC,17,76,8,22,0.364,7,16,0.438,0,0,0.0,5,10,15,2,2,0,3,7,23,25,0.67,0.67
1630222,481,Mason Jones,1610612758,SAC,9,43,9,18,0.5,1,8,0.125,4,5,0.8,2,6,8,10,0,1,1,3,23,31,10.0,0.0
1631321,483,Sidy Cissoko,1610612757,POR,20,61,9,18,0.5,3,7,0.429,1,6,0.167,4,7,11,6,1,0,3,7,22,23,2.0,0.33
203109,484,Jae Crowder,1610612758,SAC,7,92,6,17,0.353,3,12,0.25,5,6,0.833,6,11,17,4,3,0,4,10,20,28,1.0,0.75
1641725,485,Trey Alexander,1610612743,DEN,20,85,7,26,0.269,2,10,0.2,3,4,0.75,0,9,9,8,1,1,3,8,19,15,2.67,0.33
1631159,486,Leonard Miller,1610612750,MIN,10,27,5,14,0.357,0,5,0.0,8,8,1.0,3,8,11,0,2,1,2,2,18,21,0.0,1.0
1641753,487,Chris Livingston,1610612749,MIL,15,71,6,18,0.333,0,6,0.0,5,8,0.625,7,16,23,2,5,0,5,5,17,27,0.4,1.0
1641790,487,PJ Hall,1610612743,DEN,16,49,7,15,0.467,0,5,0.0,3,4,0.75,4,13,17,3,0,2,2,7,17,28,1.5,0.0
1642050,489,Jackson Rowe,1610612744,GSW,5,43,6,15,0.4,2,9,0.222,2,4,0.5,0,8,8,3,3,0,1,4,16,18,3.0,3.0
1642352,489,Keshad Johnson,1610612748,MIA,10,57,7,12,0.583,1,4,0.25,1,6,0.167,2,15,17,3,1,4,3,5,16,28,1.0,0.33
1630201,489,Malachi Flynn,1610612766,CHA,4,44,5,13,0.385,1,4,0.25,5,6,0.833,3,4,7,7,3,0,4,4,16,20,1.75,0.75
1630604,492,E.J. Liddell,1610612741,CHI,7,33,5,10,0.5,3,8,0.375,2,2,1.0,1,4,5,3,1,1,2,8,15,18,1.5,0.5
204060,492,Joe Ingles,1610612750,MIN,18,108,6,20,0.3,3,13,0.231,0,0,0.0,2,9,11,22,2,0,8,10,15,28,2.75,0.25
1631250,492,Pete Nance,1610612749,MIL,8,70,5,15,0.333,4,12,0.333,1,2,0.5,2,8,10,3,1,0,0,10,15,18,0.0,0.0
1642422,495,Armel Traoré,1610612747,LAL,9,67,6,19,0.316,0,7,0.0,2,7,0.286,2,13,15,1,4,2,3,6,14,15,0.33,1.33
1629098,495,Jack McVeigh,1610612745,HOU,7,28,5,13,0.385,4,10,0.4,0,0,0.0,1,3,4,1,0,1,1,1,14,11,1.0,0.0
1629052,495,Oshae Brissett,1610612755,PHI,1,23,5,8,0.625,3,5,0.6,1,3,0.333,1,0,1,0,1,1,2,2,14,10,0.0,0.5
1641707,495,Taylor Hendricks,1610612762,UTA,3,75,4,18,0.222,3,12,0.25,3,4,0.75,5,10,15,2,5,4,2,8,14,23,1.0,2.5
1631121,499,Bryce McGowens,1610612757,POR,10,23,4,8,0.5,0,3,0.0,5,6,0.833,1,0,1,1,1,0,3,2,13,8,0.33,0.33
1642353,499,Cam Christie,1610612746,LAC,7,33,5,13,0.385,2,8,0.25,1,2,0.5,1,6,7,3,2,0,2,2,13,14,1.5,1.0
1642384,501,Isaiah Crawford,1610612758,SAC,10,37,5,9,0.556,1,4,0.25,1,2,0.5,1,7,8,0,1,1,1,1,12,16,0.0,1.0
1631120,501,JD Davison,1610612738,BOS,9,39,3,9,0.333,2,6,0.333,4,5,0.8,0,3,3,3,2,0,6,1,12,7,0.5,0.33
1630649,501,Stanley Umude,1610612749,MIL,20,65,4,23,0.174,2,13,0.154,2,4,0.5,4,11,15,3,3,3,2,6,12,13,1.5,1.5
1642368,504,N'Faly Dante,1610612745,HOU,1,19,4,6,0.667,0,0,0.0,2,3,0.667,4,5,9,1,0,2,1,4,10,18,1.0,0.0
1641772,504,Nae'Qwan Tomlin,1610612739,CLE,3,14,4,8,0.5,0,2,0.0,2,3,0.667,1,5,6,0,0,0,1,2,10,10,0.0,0.0
1641720,506,Jalen Hood-Schifino,1610612755,PHI,3,34,3,9,0.333,0,4,0.0,3,4,0.75,2,2,4,4,0,1,2,5,9,9,2.0,0.0
1631311,506,Lester Quinones,1610612740,NOP,4,17,4,8,0.5,0,3,0.0,1,1,1.0,3,1,4,1,0,0,4,0,9,6,0.25,0.0
1641857,506,Liam Robbins,1610612749,MIL,13,57,2,8,0.25,0,2,0.0,5,10,0.5,7,5,12,2,2,2,6,9,9,10,0.33,0.33
1630585,506,Marcus Garrett,1610612766,CHA,2,38,3,12,0.25,1,3,0.333,2,2,1.0,1,1,2,8,0,1,4,5,9,7,2.0,0.0
1642280,506,Trentyn Flowers,1610612746,LAC,2,16,4,9,0.444,0,2,0.0,1,1,1.0,1,3,4,0,0,0,1,3,9,7,0.0,0.0
1628427,506,Vlatko Čančar,1610612743,DEN,6,41,4,7,0.571,1,2,0.5,0,0,0.0,3,7,10,0,0,1,2,4,9,15,0.0,0.0
1641766,512,Adama Sanogo,1610612741,CHI,4,22,4,7,0.571,0,0,0.0,0,0,0.0,5,1,6,1,0,0,1,1,8,11,1.0,0.0
201949,512,James Johnson,1610612754,IND,12,37,4,11,0.364,0,3,0.0,0,1,0.0,0,6,6,4,0,2,4,5,8,8,1.0,0.0
1641798,512,Jaylen Martin,1610612764,WAS,6,17,3,10,0.3,2,3,0.667,0,0,0.0,1,4,5,0,0,0,0,1,8,6,0.0,0.0
1631247,512,Luke Travers,1610612739,CLE,9,55,3,11,0.273,0,4,0.0,2,2,1.0,5,7,12,5,1,1,5,4,8,14,1.0,0.2
1628408,516,PJ Dozier,1610612750,MIN,9,35,2,3,0.667,2,3,0.667,1,6,0.167,1,4,5,5,1,0,1,3,7,11,5.0,1.0
1642484,516,RayJ Dennis,1610612754,IND,8,23,2,10,0.2,1,7,0.143,2,2,1.0,2,4,6,5,3,0,4,3,7,9,1.25,0.75
1641734,518,Emoni Bates,1610612739,CLE,7,27,2,14,0.143,2,11,0.182,0,0,0.0,0,0,0,4,1,0,0,2,6,-1,0.0,0.0
1631210,518,Jacob Toppin,1610612737,ATL,16,49,3,10,0.3,0,2,0.0,0,0,0.0,2,9,11,4,2,0,2,3,6,14,2.0,1.0
1630164,518,James Wiseman,1610612754,IND,1,5,2,4,0.5,0,1,0.0,2,2,1.0,0,1,1,0,0,0,0,0,6,5,0.0,0.0
1630528,518,Josh Christopher,1610612748,MIA,8,28,2,7,0.286,0,1,0.0,2,4,0.5,0,3,3,4,0,1,4,1,6,3,1.0,0.0
1631386,518,Tazé Moore,1610612757,POR,2,20,2,10,0.2,1,4,0.25,1,2,0.5,4,4,8,1,2,0,2,0,6,6,0.5,1.0
1628396,518,Tony Bradley,1610612754,IND,5,11,3,3,1.0,0,0,0.0,0,2,0.0,2,2,4,1,0,1,0,0,6,10,0.0,0.0
1631214,524,Alondes Williams,1610612765,DET,1,4,2,2,1.0,1,1,1.0,0,0,0.0,0,0,0,1,0,0,0,0,5,6,0.0,0.0
1630561,524,David Duke Jr.,1610612759,SAS,4,18,2,7,0.286,0,1,0.0,1,2,0.5,0,3,3,3,0,0,1,1,5,4,3.0,0.0
1627746,524,Skal Labissiere,1610612758,SAC,4,12,2,4,0.5,1,1,1.0,0,0,0.0,1,2,3,1,0,0,0,1,5,7,0.0,0.0
1642461,524,Spencer Jones,1610612743,DEN,14,40,2,11,0.182,1,7,0.143,0,0,0.0,2,5,7,1,4,1,2,5,5,7,0.5,2.0
1642279,524,Ulrich Chomche,1610612761,TOR,7,32,2,5,0.4,0,0,0.0,1,2,0.5,4,4,8,2,0,1,2,5,5,10,1.0,0.0
1641779,529,Jalen Bridges,1610612756,PHX,5,25,1,4,0.25,1,4,0.25,1,2,0.5,0,3,3,0,0,0,4,0,4,-1,0.0,0.0
1631232,529,Keion Brooks Jr.,1610612740,NOP,2,10,1,2,0.5,0,1,0.0,2,4,0.5,1,2,3,1,0,0,0,1,4,5,0.0,0.0
1642385,531,Cui Yongxi,1610612751,BKN,5,10,1,7,0.143,0,3,0.0,1,2,0.5,0,2,2,0,0,0,0,0,3,-2,0.0,0.0
1630618,531,D.J. Carton,1610612761,TOR,4,33,1,7,0.143,0,3,0.0,1,1,1.0,0,4,4,3,2,0,4,1,3,2,0.75,0.5
1642439,531,Quincy Olivari,1610612747,LAL,2,10,1,5,0.2,1,5,0.2,0,0,0.0,0,0,0,1,0,0,1,0,3,-1,1.0,0.0
1641803,531,Tristen Newton,1610612750,MIN,8,16,1,8,0.125,0,3,0.0,1,1,1.0,2,2,4,2,1,0,2,4,3,1,1.0,0.5
1631127,535,Harrison Ingram,1610612759,SAS,3,17,1,3,0.333,0,1,0.0,0,0,0.0,1,4,5,1,1,0,0,2,2,7,0.0,0.0
1631123,535,Jamaree Bouyea,1610612749,MIL,1,5,1,1,1.0,0,0,0.0,0,0,0.0,0,0,0,1,1,0,1,0,2,3,1.0,1.0
1642502,535,Malevy Leons,1610612760,OKC,6,21,0,2,0.0,0,1,0.0,2,4,0.5,1,2,3,1,0,0,1,4,2,1,1.0,0.0
1641879,535,Yuri Collins,1610612744,GSW,2,16,1,3,0.333,0,0,0.0,0,0,0.0,2,1,3,4,2,0,0,5,2,9,0.0,0.0
1630227,539,Daishen Nix,1610612750,MIN,3,13,0,1,0.0,0,1,0.0,1,2,0.5,0,4,4,3,0,0,4,1,1,2,0.75,0.0
1641817,540,Anton Watson,1610612752,NYK,1,4,0,3,0.0,0,0,0.0,0,0,0.0,0,0,0,1,0,0,1,0,0,-3,1.0,0.0
1641752,540,Bobi Klintman,1610612765,DET,6,17,0,2,0.0,0,1,0.0,0,0,0.0,0,4,4,1,0,1,1,2,0,3,1.0,0.0
1629643,540,Chuma Okeke,1610612755,PHI,1,2,0,0,0.0,0,0,0.0,0,0,0.0,0,1,1,0,0,0,0,0,0,1,0.0,0.0
1631306,540,Cole Swider,1610612765,DET,2,13,0,5,0.0,0,5,0.0,0,0,0.0,0,2,2,1,0,0,0,1,0,-2,0.0,0.0
1642450,540,Daniss Jenkins,1610612765,DET,5,10,0,4,0.0,0,4,0.0,0,0,0.0,0,0,0,0,0,0,1,2,0,-5,0.0,0.0
1641801,540,Emanuel Miller,1610612741,CHI,1,2,0,0,0.0,0,0,0.0,0,0,0.0,0,0,0,0,0,0,0,0,0,0,0.0,0.0
1626143,540,Jahlil Okafor,1610612754,IND,1,3,0,0,0.0,0,0,0.0,0,0,0.0,0,1,1,1,0,0,0,0,0,2,0.0,0.0
1642443,540,Jahmir Young,1610612741,CHI,1,2,0,0,0.0,0,0,0.0,0,0,0.0,0,1,1,1,0,0,0,0,0,2,0.0,0.0
1629667,540,Jalen McDaniels,1610612764,WAS,4,7,0,0,0.0,0,0,0.0,0,0,0.0,0,0,0,1,1,0,0,0,0,2,0.0,0.0
1642399,540,Jesse Edwards,1610612750,MIN,2,5,0,0,0.0,0,0,0.0,0,0,0.0,0,0,0,1,0,0,0,2,0,1,0.0,0.0
1631303,540,Justin Minaya,1610612757,POR,7,19,0,2,0.0,0,1,0.0,0,0,0.0,2,1,3,2,1,0,0,3,0,4,0.0,0.0
1630644,540,Mac McClung,1610612753,ORL,1,5,0,0,0.0,0,0,0.0,0,0,0.0,0,1,1,2,0,0,0,0,0,3,0.0,0.0
1641936,540,Miles Norris,1610612738,BOS,1,4,0,0,0.0,0,0,0.0,0,0,0.0,0,2,2,0,0,0,0,0,0,2,0.0,0.0
1642434,540,Riley Minix,1610612759,SAS,1,7,0,1,0.0,0,1,0.0,0,0,0.0,0,2,2,0,0,0,0,0,0,1,0.0,0.0
1642389,540,Zyon Pullin,1610612763,MEM,3,3,0,1,0.0,0,0,0.0,0,0,0.0,0,0,0,0,0,0,0,0,0,-1,0.0,0.0
